id_dep;nome;deputado;partido;UF;tema_1;tema_2;tema_3;tema_4;tema_5;tema_6;tema_7;tema_8;tema_9;tema_10;tema_11;tema_12;tema_13;tema_14;tema_15;tema_16;tema_17;tema_18;tema_19;IMPEACHMENT;evangelico
178864;AdailCarneiro;Adail Carneiro;phs;CE;sim;sim;sim;sim;não;não;sim;sim;sim;sim;sim;sim;não;sim;não;sim;não;sim;não;SIM;nao
178914;AdalbertoCavalcanti;Adalberto Cavalcanti;ptb;PE;sim;sim;sim;sim;sim;sim;sim;sim;não votou;sim;não votou;sim;sim;não votou;não votou;sim;sim;sim;sim;NAO;nao
178890;AdelmoCarneiroLeao;Adelmo Carneiro Leão;pt;MG;não;sim;sim;não;não;não;não;não;não;não;não;sim;sim;sim;sim;sim;não;não votou;não votou;NAO;nao
178968;AdelsonBarreto;Adelson Barreto;ptb;SE;sim;não votou;sim;sim;sim;sim;sim;sim;sim;sim;não;sim;sim;não;não;sim;sim;sim;sim;SIM;nao
178903;AdiltonSachetti;Adilton Sachetti;psb;MT;sim;não;sim;sim;sim;sim;sim;sim;sim;não;sim;sim;não;sim;não;sim;sim;sim;sim;SIM;nao
141372;AeltonFreitas;Aelton Freitas;pr;MG;sim;sim;sim;sim;sim;sim;sim;sim;sim;não;sim;sim;sim;sim;sim;sim;não;sim;sim;NAO;nao
160508;AfonsoFlorence;Afonso Florence;pt;BA;não;sim;sim;não;não;não;não;não;não;não;não;sim;sim;sim;sim;sim;não;sim;não;NAO;nao
136811;AfonsoHamm;Afonso Hamm;pp;RS;sim;sim;não;sim;sim;sim;não;não;sim;não;sim;sim;não;não;não;sim;não;sim;sim;SIM;nao
178835;AfonsoMotta;Afonso Motta;pdt;RS;sim;não;sim;sim;não;não;não;não;sim;não;sim;sim;sim;não;não;sim;não;sim;sim;NAO;nao
160527;AguinaldoRibeiro;Aguinaldo Ribeiro;pp;PB;sim;sim;sim;não;não votou;não votou;sim;sim;sim;sim;sim;sim;não;sim;sim;sim;não;sim;sim;SIM;nao
178836;AlanRick;Alan Rick;prb;AC;não;sim;sim;sim;sim;sim;sim;não;sim;não;sim;sim;sim;sim;não;sim;não;sim;sim;SIM;sim
160582;AlbertoFilho;Alberto Filho;pmdb;MA;sim;sim;sim;sim;sim;sim;sim;sim;não votou;sim;sim;sim;sim;sim;sim;sim;não;sim;sim;SIM;nao
73579;AlbertoFraga;Alberto Fraga;dem;DF;sim;sim;sim;sim;sim;sim;sim;sim;sim;sim;sim;sim;sim;não;não;não;não;sim;sim;SIM;nao
160559;AlceuMoreira;Alceu Moreira;pmdb;RS;sim;não;sim;sim;sim;sim;sim;sim;sim;não;sim;sim;sim;sim;não;sim;não;sim;sim;SIM;nao
160511;AlessandroMolon;Alessandro Molon;pt;RJ;não votou;sim;sim;não;não;não;não;não;não;não;não;sim;sim;sim;sim;sim;não;sim;não;NAO;nao
160511;AlessandroMolon;Alessandro Molon;rede;RJ;não;não votou;não votou;não votou;não votou;6 não votou;7 não votou;não votou;não votou;não votou;não votou;não votou;não votou;não votou;não votou;não votou;não votou;não votou;não votou;NAO;nao
178875;AlexandreBaldy;Alexandre Baldy;psdb;GO;sim;não votou;sim;não votou;sim;sim;não votou;não votou;sim;não votou;sim;não votou;abstenção;não;não;sim;sim;sim;não;SIM;nao
160545;AlexandreLeite;Alexandre Leite;dem;SP;sim;não votou;não;sim;sim;sim;sim;sim;sim;sim;sim;sim;abstenção;não;não;sim;sim;sim;sim;SIM;nao
178833;AlexandreSerfiotis;Alexandre Serfiotis;psd;RJ;não;sim;não;sim;sim;sim;sim;sim;sim;não;não;sim;não votou;sim;não;não;não;sim;não;SIM;sim
178936;AlexandreValle;Alexandre Valle;prp;RJ;sim;sim;sim;sim;não votou;não votou;sim;sim;sim;não;sim;sim;sim;sim;não;sim;sim;sim;não;SIM;nao
73458;AlexCanziani;Alex Canziani;ptb;PR;sim;não votou;sim;não votou;não;não;sim;sim;sim;não;sim;não;sim;sim;sim;não;não votou;sim;não;SIM;nao
178972;AlexManente;Alex Manente;pps;SP;sim;sim;sim;sim;sim;sim;não;não;sim;não;sim;sim;sim;não;não;não;sim;sim;não;SIM;nao
141454;AlfredoKaefer;Alfredo Kaefer;psdb;PR;sim;não votou;sim;sim;sim;sim;sim;sim;sim;não;sim;sim;não;não;não;sim;não;sim;não;SIM;nao
178846;AlfredoNascimento;Alfredo Nascimento;pr;AM;sim;sim;sim;sim;não votou;não votou;sim;sim;sim;não;sim;sim;não votou;sim;sim;não votou;não votou;não votou;não votou;SIM;nao
74057;AlicePortugal;Alice Portugal;pcdob;BA;não;não;sim;não votou;não;não votou;não;não;não;sim;não;sim;sim;não votou;sim;não;não;sim;não;NAO;nao
178927;AlielMachado;Aliel Machado;rede;PR;não;não votou;não votou;não votou;não votou;6 não votou;7 não votou;não votou;não votou;não votou;não votou;não votou;não votou;não votou;não votou;não votou;não votou;não votou;não votou;NAO;nao
178927;AlielMachado;Aliel Machado;pcdob;PR;não votou;sim;sim;não;não;não;não;não;não;sim;não;sim;sim;sim;não;não;não votou;sim;não;NAO;nao
178937;AltineuCortes;Altineu Côrtes;pr;RJ;sim;sim;não votou;sim;sim;sim;não votou;sim;sim;não;sim;sim;não votou;sim;não votou;sim;não;sim;sim;SIM;nao
178881;AluisioMendes;Aluisio Mendes;psdc;MA;sim;sim;sim;não;sim;sim;sim;não;sim;não;sim;sim;não;sim;sim;não;não;não;sim;NAO;nao
178973;AnaPerugini;Ana Perugini;pt;SP;não;sim;sim;não;não;não;não;não;não;não;não;sim;sim;sim;sim;sim;não;sim;não;NAO;nao
160551;AndersonFerreira;Anderson Ferreira;pr;PE;sim;sim;não;sim;sim;sim;sim;sim;sim;não;sim;sim;sim;sim;sim;sim;não votou;sim;não;SIM;sim
178831;AndreAbdon;André Abdon;prb;AP;sim;sim;sim;sim;sim;sim;sim;não;sim;não;sim;sim;não;sim;sim;não;não;sim;não;SIM;nao
178882;AndreFufuca;André Fufuca;pen;MA;sim;não;sim;sim;sim;sim;sim;sim;sim;sim;sim;sim;sim;sim;sim;sim;não;sim;sim;SIM;nao
160543;AndreMoura;Andre Moura;psc;SE;não votou;não votou;não;sim;sim;sim;sim;sim;sim;sim;não votou;sim;sim;não votou;não;sim;não votou;sim;sim;SIM;nao
178974;AndresSanchez;Andres Sanchez;pt;SP;não;sim;sim;sim;não;não;não;não;não;não;não;sim;sim;sim;sim;sim;não;sim;não;NAO;nao
178837;Angelim;Angelim;pt;AC;não;abstção;sim;não;não;não;não;não;não;não;não;sim;sim;sim;sim;sim;não;sim;não;NAO;nao
74212;AnibalGomes;Aníbal Gomes;pmdb;CE;sim;não votou;sim;sim;sim;sim;sim;sim;não votou;sim;não votou;sim;não;sim;sim;não votou;não votou;sim;não votou;AUSEN;nao
160553;AntonioBrito;Antonio Brito;ptb;BA;abstenção;não votou;sim;sim;não;não;sim;sim;sim;sim;sim;sim;abstenção;não;abstenção;não;não;sim;sim;NAO;nao
141383;AntonioBulhoes;Antonio Bulhões;prb;SP;sim;sim;sim;sim;sim;sim;sim;não;não;não;sim;sim;não;sim;sim;não;não;sim;não;SIM;nao
160530;AntonioImbassahy;Antonio Imbassahy;psdb;BA;sim;sim;sim;sim;sim;sim;sim;sim;sim;não;sim;sim;não;não;não;não;sim;sim;não;SIM;nao
178950;AntonioJacome;Antônio Jácome;pmn;RN;não;sim;sim;sim;sim;sim;sim;não;não votou;não;sim;sim;não votou;não;não;não;sim;sim;sim;SIM;nao
74103;AriostoHolanda;Ariosto Holanda;pros;CE;;;;;;;;;;não votou;não votou;não votou;não votou;não votou;não votou;não votou;não votou;não votou;não votou;NAO;nao
73433;ArlindoChinaglia;Arlindo Chinaglia;pt;SP;não;não votou;sim;não votou;não;não;não;não;não;não;não;sim;sim;sim;sim;sim;não;sim;não;NAO;nao
73434;ArnaldoFariadeSa;Arnaldo Faria de Sá;ptb;SP;sim;sim;sim;sim;sim;sim;sim;sim;não;sim;sim;sim;sim;não;não;não;sim;sim;não;SIM;nao
160602;ArnaldoJordy;Arnaldo Jordy;pps;PA;sim;não votou;não votou;sim;não;não;não;não;não;não;não;sim;sim;não;não;não;sim;sim;não;SIM;nao
74291;ArnonBezerra;Arnon Bezerra;ptb;CE;sim;não votou;não votou;sim;sim;não;sim;sim;sim;sim;sim;não;não votou;sim;sim;não votou;não votou;sim;não votou;NAO;nao
160541;ArthurLira;Arthur Lira;pp;AL;sim;não;sim;não votou;sim;sim;sim;sim;sim;sim;sim;sim;não;sim;sim;não;não votou;não votou;não votou;SIM;nao
160600;ArthurOliveiraMaia;Arthur Oliveira Maia;solidaried;BA;sim;não votou;sim;sim;sim;sim;sim;sim;sim;sim;não votou;sim;abstenção;não;não;não votou;não votou;sim;não votou;SIM;nao
178847;ArthurVirgilioBisneto;Arthur Virgílio Bisneto;psdb;AM;sim;sim;sim;sim;sim;sim;sim;sim;sim;sim;sim;sim;sim;não;não;sim;não;sim;não;SIM;nao
159237;AssisCarvalho;Assis Carvalho;pt;PI;sim;sim;sim;não;não votou;não votou;não;não;não;não;não;sim;não votou;sim;sim;sim;não;não votou;não;NAO;nao
74378;AssisdoCouto;Assis do Couto;pt;PR;sim;não;sim;abstção;não;não;não;não;não;não;não;sim;sim;sim;não votou;sim;não;sim;sim;NAO;nao
74090;AtilaLins;Átila Lins;psd;AM;não votou;sim;sim;sim;sim;sim;sim;não votou;sim;não votou;sim;sim;não;sim;sim;não votou;não votou;sim;sim;SIM;nao
74459;AtilaLira;Átila Lira;psb;PI;sim;sim;sim;sim;não;não;sim;sim;não;não;não;sim;sim;sim;sim;sim;não;sim;sim;SIM;nao
73655;AugustoCarvalho;Augusto Carvalho;solidaried;DF;sim;sim;não;não;não;não;sim;não;sim;sim;não;sim;sim;não;não;sim;sim;sim;sim;SIM;nao
160665;AugustoCoutinho;Augusto Coutinho;solidaried;PE;sim;não votou;sim;sim;sim;sim;sim;sim;sim;não;sim;não;não;não;não;não votou;não votou;sim;não votou;SIM;nao
160512;Aureo;Aureo;solidaried;RJ;sim;sim;sim;sim;não;não;sim;sim;sim;não;não votou;sim;sim;não;não;não votou;não votou;sim;não votou;SIM;sim
69871;Bacelar;Bacelar;ptn;BA;sim;sim;sim;sim;não;não;sim;não;não;não;sim;sim;não;sim;sim;não;não;sim;não;NAO;nao
178975;BaleiaRossi;Baleia Rossi;pmdb;SP;sim;sim;sim;não votou;sim;sim;sim;não;sim;sim;sim;sim;sim;sim;sim;não;sim;sim;sim;SIM;nao
178834;Bebeto;Bebeto;psb;BA;não votou;não votou;não;não;não;não;não;não;não;não;não;sim;sim;não;não;sim;não;não votou;sim;NAO;nao
73701;BeneditadaSilva;Benedita da Silva;pt;RJ;não;sim;sim;não votou;não;não;não;não;não;não;não;sim;sim;sim;sim;sim;não;sim;não;NAO;nao
74535;BenitoGama;Benito Gama;ptb;BA;sim;sim;sim;sim;sim;sim;sim;sim;sim;sim;não votou;sim;não;não;não;sim;não;sim;não;SIM;nao
74040;BenjaminMaranhao;Benjamin Maranhão;solidaried;PB;sim;sim;sim;sim;sim;sim;sim;sim;sim;não;sim;sim;abstenção;não;não;não votou;não votou;sim;não votou;SIM;nao
178915;BetinhoGomes;Betinho Gomes;psdb;PE;sim;sim;sim;abstção;não;não;sim;sim;sim;não;sim;sim;sim;não;não;sim;sim;sim;não;SIM;nao
141335;BetoFaro;Beto Faro;pt;PA;não;sim;sim;não;não;não;não;não;não;não;não;sim;sim;sim;sim;sim;não;sim;não;NAO;nao
73437;BetoMansur;Beto Mansur;prb;SP;sim;sim;sim;sim;sim;sim;sim;sim;sim;não;sim;sim;não;não votou;sim;não votou;não votou;não votou;não votou;SIM;nao
178948;BetoRosado;Beto Rosado;pp;RN;sim;sim;sim;não votou;sim;sim;sim;sim;sim;não;sim;sim;não;não votou;não;sim;não;sim;sim;SIM;nao
178906;BetoSalame;Beto Salame;pros;PA;não votou;sim;sim;sim;não;não;não;não;não;não;sim;sim;sim;sim;sim;sim;não;sim;sim;ABST;nao
141513;BilacPinto;Bilac Pinto;pr;MG;sim;sim;sim;sim;sim;sim;sim;sim;sim;não;sim;sim;sim;sim;sim;sim;não;sim;sim;SIM;nao
160538;BohnGass;Bohn Gass;pt;RS;não;abstção;sim;não;não;não;não;não;não;não;não;sim;sim;sim;sim;sim;não;sim;não;NAO;nao
74650;BonifaciodeAndrada;Bonifácio de Andrada;psdb;MG;sim;sim;não;sim;sim;sim;sim;sim;não votou;sim;sim;sim;sim;não votou;não;não;não;sim;não;SIM;nao
160589;BrunaFurlan;Bruna Furlan;psdb;SP;sim;não votou;não votou;sim;sim;sim;sim;sim;sim;sim;sim;sim;sim;não votou;não;sim;não;sim;não;SIM;sim
178999;Brunny;Brunny;ptc;MG;não;sim;não votou;não;sim;sim;não votou;não;não;não;não;não votou;sim;sim;sim;não;não;sim;não;NAO;nao
141394;BrunoAraujo;Bruno Araújo;psdb;PE;sim;sim;sim;sim;sim;sim;sim;sim;não votou;sim;sim;sim;abstenção;não votou;não;sim;não;sim;não;SIM;nao
178976;BrunoCovas;Bruno Covas;psdb;SP;sim;sim;sim;sim;sim;sim;sim;sim;sim;não;não;sim;não;não;não;não;não;sim;não;SIM;nao
178938;CaboDaciolo;Cabo Daciolo;s.part.;RJ;não;não votou;não;não votou;não;não;não;não votou;não;não votou;não;sim;não votou;não;não;não;sim;não votou;não;SIM;sim
178865;CaboSabino;Cabo Sabino;pr;CE;não;sim;não votou;sim;sim;sim;sim;não;não;não;não votou;sim;não;sim;sim;não;sim;sim;sim;SIM;sim
93083;CacaLeao;Cacá Leão;pp;BA;sim;sim;sim;sim;sim;sim;sim;sim;sim;sim;sim;sim;não;sim;sim;sim;não;sim;sim;ABST;nao
178853;Caetano;Caetano;pt;BA;não;sim;sim;não votou;não;não;não;não;não;não;não;sim;sim;sim;sim;sim;não;sim;não;NAO;nao
178891;CaioNarcio;Caio Narcio;psdb;MG;sim;sim;não;sim;sim;sim;sim;sim;sim;não;sim;sim;abstenção;não;não;sim;não;não votou;não;SIM;nao
178829;CapitaoAugusto;Capitão Augusto;pr;SP;sim;sim;sim;sim;sim;sim;sim;sim;sim;não;sim;sim;sim;sim;sim;sim;não;sim;não;SIM;nao
178958;CarlosAndrade;Carlos Andrade;phs;RR;não votou;sim;sim;não votou;sim;sim;sim;sim;sim;sim;sim;não votou;não;sim;não;sim;não;não votou;não;SIM;sim
141401;CarlosBezerra;Carlos Bezerra;pmdb;MT;sim;sim;sim;não votou;não;não;sim;sim;não votou;não;sim;sim;sim;sim;sim;sim;não;sim;sim;SIM;nao
178962;CarlosGomes;Carlos Gomes;prb;RS;sim;não;sim;sim;sim;sim;sim;não;sim;não;sim;sim;não;sim;sim;sim;não;sim;sim;SIM;sim
178993;CarlosHenriqueGaguim;Carlos Henrique Gaguim;pmdb;TO;sim;não;sim;sim;sim;sim;sim;sim;sim;sim;sim;sim;sim;sim;sim;sim;sim;sim;não;SIM;nao
74163;CarlosManato;Carlos Manato;solidaried;ES;sim;sim;sim;sim;sim;sim;sim;sim;sim;sim;sim;sim;não;não;não;sim;não;sim;sim;SIM;sim
178900;CarlosMarun;Carlos Marun;pmdb;MS;não votou;não;sim;sim;sim;sim;sim;sim;sim;sim;sim;sim;sim;sim;sim;sim;não;sim;sim;SIM;nao
74651;CarlosMelles;Carlos Melles;dem;MG;sim;não votou;sim;sim;sim;sim;sim;sim;sim;sim;sim;não;sim;não votou;sim;não;sim;sim;não;SIM;nao
74262;CarlosSampaio;Carlos Sampaio;psdb;SP;não votou;não votou;não votou;sim;sim;sim;sim;sim;não votou;não;sim;sim;sim;não;não;sim;não;sim;não;SIM;nao
141398;CarlosZarattini;Carlos Zarattini;pt;SP;sim;sim;sim;não;não;não;não;não;não;não;não;sim;não votou;sim;sim;sim;não;não votou;não;NAO;nao
164360;CarmenZanotto;Carmen Zanotto;pps;SC;sim;sim;sim;sim;não;não;não;não;sim;não;sim;sim;sim;não;não;não;sim;sim;não;SIM;nao
178876;CelioSilveira;Célio Silveira;psdb;GO;sim;não;sim;sim;sim;sim;sim;sim;sim;sim;sim;sim;abstenção;não;não;sim;não;sim;não;SIM;nao
141405;CelsoMaldaner;Celso Maldaner;pmdb;SC;sim;não votou;sim;sim;não;sim;sim;sim;sim;não;sim;sim;sim;sim;sim;sim;sim;sim;sim;SIM;nao
72912;CelsoPansera;Celso Pansera;pmdb;RJ;não votou;não votou;sim;não votou;não;não;sim;sim;sim;sim;não votou;não;sim;sim;sim;não;sim;nao votou;sim;NAO;nao
73441;CelsoRussomanno;Celso Russomanno;prb;SP;sim;não votou;sim;não votou;sim;sim;sim;não;não votou;não;sim;sim;sim;sim;sim;não;não;sim;não;SIM;nao
160576;CesarHalum;César Halum;prb;TO;sim;sim;sim;sim;sim;sim;sim;sim;sim;não;sim;sim;não;sim;sim;sim;sim;sim;não votou;SIM;nao
178838;CesarMessias;César Messias;psb;AC;sim;não votou;não votou;sim;não;não;não votou;não;não votou;não;não votou;não votou;não;não;não;sim;não;sim;sim;NAO;nao
73720;CesarSouza;Cesar Souza;psd;SC;sim;sim;não;sim;sim;sim;sim;sim;sim;sim;sim;sim;sim;não votou;sim;sim;sim;não votou;não;SIM;nao
74171;ChicoAlencar;Chico Alencar;psol;RJ;não;não;não;não;não;obstção;obstção;não;não;não;não;sim;sim;não;não;sim;não;sim;não;NAO;nao
141440;ChicoLopes;Chico Lopes;pcdob;CE;não;não;sim;não;não;não;não;não;não;sim;não;sim;sim;sim;sim;não;não;sim;não;NAO;nao
178928;ChristianedeSouzaYared;Christiane de Souza Yared;ptn;PR;não;sim;sim;sim;não;não;não;não;não;não;sim;sim;sim;não;não;não;não;sim;não;SIM;nao
178841;CiceroAlmeida;Cícero Almeida;psd;AL;sim;não votou;não votou;não votou;não votou;6 não votou;7 não votou;não votou;não votou;não votou;não votou;não votou;não votou;não votou;não votou;não votou;não votou;não votou;não votou;SIM;nao
178841;CiceroAlmeida;Cícero Almeida;prtb;AL;não votou;sim;sim;sim;sim;sim;sim;não;não votou;sim;sim;sim;sim;não;não;sim;não;sim;sim;SIM;nao
178939;ClarissaGarotinho;Clarissa Garotinho;pr;RJ;sim;sim;não votou;sim;não;não;não;não;não;não;não;sim;sim;sim;não;sim;não;sim;não;AUSEN;sim
74537;ClaudioCajado;Claudio Cajado;dem;BA;não votou;não votou;sim;não votou;sim;sim;sim;sim;não votou;sim;sim;sim;não votou;sim;sim;não votou;sim;não votou;não votou;SIM;nao
141408;CleberVerde;Cleber Verde;prb;MA;sim;não votou;sim;não votou;sim;sim;sim;não;sim;não;sim;sim;sim;sim;sim;não votou;não votou;sim;não votou;SIM;nao
178963;CovattiFilho;Covatti Filho;pp;RS;sim;não;não;sim;sim;sim;sim;sim;sim;sim;sim;sim;sim;sim;não;sim;não;sim;sim;SIM;nao
93472;CristianeBrasil;Cristiane Brasil;ptb;RJ;não votou;não votou;não votou;sim;sim;sim;sim;sim;não votou;sim;sim;sim;sim;não;não;não votou;não votou;não votou;não votou;SIM;nao
141411;Dagoberto;Dagoberto;pdt;MS;sim;não;sim;sim;não;não;não;não;sim;não;sim;sim;sim;não;não;sim;não;sim;sim;NAO;nao
74467;DamiaoFeliciano;Damião Feliciano;pdt;PB;não;sim;sim;sim;não;não;não;não;não;não;não;sim;sim;não;não;não votou;não votou;sim;não votou;NAO;nao
178892;DaminaPereira;Dâmina Pereira;pmn;MG;sim;não votou;sim;sim;sim;sim;sim;sim;sim;não;sim;sim;não votou;sim;sim;sim;não;não votou;sim;SIM;nao
74060;DanielAlmeida;Daniel Almeida;pcdob;BA;não;não;sim;não;não;não;não;não;não;sim;não;sim;sim;sim;sim;não;não;sim;não;NAO;nao
178916;DanielCoelho;Daniel Coelho;psdb;PE;sim;sim;não;abstção;sim;sim;sim;abstenção;sim;sim;não;sim;sim;não;não;sim;sim;sim;não;SIM;nao
144523;DanielVilela;Daniel Vilela;pmdb;GO;não;não votou;sim;sim;sim;sim;sim;não;sim;sim;sim;sim;não;sim;sim;sim;sim;sim;sim;SIM;nao
62881;DaniloForte;Danilo Forte;pmdb;CE;não votou;não votou;não;sim;sim;sim;sim;sim;sim;sim;sim;sim;não;sim;não;sim;não;sim;sim;SIM;nao
160552;DanrleideDeusHinterholz;Danrlei de Deus Hinterholz;psd;RS;sim;sim;sim;sim;sim;sim;sim;sim;não;não;sim;sim;sim;sim;sim;sim;não;sim;sim;SIM;nao
73891;DarcisioPerondi;Darcísio Perondi;pmdb;RS;sim;não;sim;não;não;não;sim;sim;sim;não;sim;sim;sim;sim;sim;sim;sim;sim;não;SIM;nao
101309;DavidsonMagalhaes;Davidson Magalhães;pcdob;BA;não;não;sim;não;não;não;não;não;não;sim;não;sim;sim;sim;sim;não;não;sim;não;NAO;nao
141413;DecioLima;Décio Lima;pt;SC;não;sim;não votou;não;não;não;não;não;não;não;não;sim;sim;não votou;sim;sim;não votou;sim;não;NAO;nao
178908;DelegadoEderMauro;Delegado Éder Mauro;psd;PA;não;sim;sim;sim;sim;sim;sim;sim;abstenção;não;sim;sim;sim;não;sim;sim;não;sim;não;SIM;nao
178893;DelegadoEdsonMoreira;Delegado Edson Moreira;ptn;MG;não;sim;não;sim;sim;sim;sim;sim;sim;não;sim;sim;não;sim;sim;não;não;sim;não;SIM;nao
164359;DelegadoWaldir;Delegado Waldir;psdb;GO;sim;sim;sim;sim;sim;sim;sim;sim;sim;sim;sim;sim;sim;não;não;não;sim;sim;sim;SIM;nao
74172;Deley;Deley;ptb;RJ;sim;abstção;sim;sim;não;não votou;sim;sim;não;sim;não;sim;sim;não;não;não votou;não votou;sim;não votou;SIM;nao
160588;DiegoAndrade;Diego Andrade;psd;MG;sim;sim;sim;sim;sim;sim;sim;sim;sim;não;sim;sim;não votou;sim;sim;não votou;não votou;sim;não votou;SIM;nao
178929;DiegoGarcia;Diego Garcia;phs;PR;não votou;sim;sim;sim;não;não;sim;não;não;sim;sim;sim;não;sim;não;sim;não;sim;não;SIM;nao
73768;DilceuSperafico;Dilceu Sperafico;pp;PR;sim;sim;sim;sim;sim;sim;sim;sim;sim;sim;sim;sim;sim;sim;sim;sim;não;sim;sim;SIM;nao
160599;DimasFabiano;Dimas Fabiano;pp;MG;sim;sim;sim;sim;sim;sim;sim;sim;sim;sim;sim;sim;não;sim;não;sim;sim;sim;sim;SIM;nao
143632;DomingosNeto;Domingos Neto;pros;CE;sim;não votou;sim;sim;não;não votou;sim;não;sim;sim;sim;sim;abstenção;sim;sim;não votou;não votou;sim;não votou;NAO;nao
160758;DomingosSavio;Domingos Sávio;psdb;MG;sim;não votou;não;sim;sim;sim;sim;sim;sim;não;sim;sim;abstenção;não;não votou;sim;não;sim;não;SIM;nao
178994;DulceMiranda;Dulce Miranda;pmdb;TO;sim;sim;sim;sim;não;sim;sim;sim;sim;sim;sim;sim;sim;sim;sim;sim;não;sim;sim;SIM;nao
73447;EdinhoAraujo;Edinho Araújo;pmdb;SP;não;não votou;não votou;não votou;não votou;6 não votou;7 não votou;não votou;não votou;não votou;não votou;não votou;não votou;não votou;não votou;não votou;não votou;não votou;não votou;SIM;nao
141417;EdioLopes;Edio Lopes;pmdb;RR;sim;não votou;sim;sim;sim;sim;sim;sim;sim;sim;sim;sim;não;sim;sim;sim;não;sim;sim;NAO;nao
134812;EdmilsonRodrigues;Edmilson Rodrigues;psol;PA;não;não;não;não;não;obstção;obstção;não;não;não;não;sim;sim;não;não;sim;não;sim;não;NAO;nao
74655;EduardoBarbosa;Eduardo Barbosa;psdb;MG;sim;sim;não;sim;não;não;sim;sim;sim;não;sim;sim;sim;não;não;sim;não;sim;sim;SIM;nao
92346;EduardoBolsonaro;Eduardo Bolsonaro;psc;SP;não;sim;não;sim;sim;sim;sim;sim;não votou;sim;sim;sim;não;não;não;sim;abstenção;sim;sim;SIM;nao
74173;EduardoCunha;Eduardo Cunha;pmdb;RJ;art. 17;art.7;3 t. 14 ar 17;art.7;6 t. 17;7 art. 17;art. 17;art. 17;;art. 17;art. 17;art. 17;art. 17;art. 17;art. 17;art. 17;art. 17;art. 17;art. 17;SIM;sim
178977;EduardoCury;Eduardo Cury;psdb;SP;sim;não votou;não;sim;sim;sim;sim;sim;sim;não;sim;sim;abstenção;não;não;não;sim;sim;não;SIM;nao
141421;EduardodaFonte;Eduardo da Fonte;pp;PE;não votou;não votou;não votou;sim;sim;sim;não votou;não votou;sim;não votou;não votou;não votou;sim;sim;sim;não votou;não votou;não votou;não;SIM;nao
141422;EfraimFilho;Efraim Filho;dem;PB;sim;sim;não votou;não votou;sim;sim;sim;sim;sim;sim;sim;não;sim;não;não;não;sim;sim;sim;SIM;nao
74075;ElcioneBarbalho;Elcione Barbalho;pmdb;PA;sim;sim;não votou;não votou;não;não;não;não;sim;sim;não votou;sim;sim;sim;sim;não votou;não votou;não votou;não votou;NAO;nao
160532;EliCorreaFilho;Eli Corrêa Filho;dem;SP;não votou;não votou;sim;sim;sim;sim;sim;não votou;sim;não votou;sim;sim;sim;não;não;não;sim;sim;não votou;SIM;nao
181316;ElizeuDionizio;Elizeu Dionizio;psdb;MS;sim;não votou;não votou;não votou;não votou;6 não votou;7 não votou;não votou;não votou;não votou;não votou;não votou;não votou;não votou;não votou;não votou;não votou;não votou;não votou;SIM;sim
181316;ElizeuDionizio;Elizeu Dionizio;solidaried;MS;não votou;sim;não;sim;sim;sim;sim;não;sim;não;sim;sim;sim;sim;sim;sim;não;sim;sim;SIM;sim
178883;ElizianeGama;Eliziane Gama;pps;MA;não votou;não;sim;sim;não;não;não;não;não;não;não;sim;sim;não;não;não;sim;sim;não;SIM;sim
178883;ElizianeGama;Eliziane Gama;rede;MA;não;não votou;não votou;não votou;não votou;6 não votou;7 não votou;não votou;não votou;não votou;não votou;não votou;não votou;não votou;não votou;não votou;não votou;não votou;não votou;SIM;sim
178854;ElmarNascimento;Elmar Nascimento;dem;BA;sim;sim;não;sim;sim;sim;sim;sim;sim;sim;sim;sim;não;não votou;sim;não;sim;sim;sim;SIM;nao
132504;EnioVerri;Enio Verri;pt;PR;sim;sim;sim;não;não;não;não;não;não;não;não;sim;sim;sim;sim;sim;não;sim;não;NAO;nao
160575;ErikaKokay;Erika Kokay;pt;DF;não;sim;sim;não;não;não;não;não;não;não;não;sim;sim;não votou;não votou;sim;não;sim;não;NAO;nao
99654;EriveltonSantana;Erivelton Santana;psc;BA;não;sim;não;sim;sim;sim;sim;sim;sim;sim;sim;sim;não;não;não;sim;não;sim;sim;SIM;sim
160640;ErosBiondini;Eros Biondini;ptb;MG;sim;não votou;sim;sim;não;sim;sim;sim;não;sim;sim;sim;sim;não;não;sim;não;sim;sim;SIM;nao
160649;EsperidiaoAmin;Esperidião Amin;pp;SC;não;não votou;não;sim;sim;sim;não;não;sim;sim;sim;sim;não;não;não;sim;não;sim;não;SIM;nao
178871;EvairdeMelo;Evair de Melo;pv;ES;não;sim;não;sim;não;sim;não;sim;sim;não;sim;sim;sim;sim;não;sim;sim;sim;sim;SIM;nao
178828;EvandroGussi;Evandro Gussi;pv;SP;sim;sim;não votou;não;não;não;sim;sim;sim;sim;não;sim;não votou;não;não;sim;não;sim;não;SIM;nao
178930;EvandroRoman;Evandro Roman;psd;PR;sim;sim;sim;sim;sim;sim;sim;sim;sim;não;sim;sim;sim;sim;sim;sim;não;sim;não;SIM;nao
178953;ExpeditoNetto;Expedito Netto;solidaried;RO;não;sim;sim;sim;não;sim;sim;sim;sim;não;sim;sim;não votou;não;não votou;sim;não;não votou;sim;SIM;nao
178941;EzequielTeixeira;Ezequiel Teixeira;solidaried;RJ;sim;sim;sim;sim;sim;sim;sim;sim;sim;abstenção;sim;sim;abstenção;não;não votou;sim;sim;sim;não;SIM;sim
141428;FabioFaria;Fábio Faria;psd;RN;sim;sim;sim;abstção;sim;sim;sim;sim;sim;não;sim;sim;sim;sim;sim;sim;não;sim;sim;SIM;nao
178905;FabioGarcia;Fabio Garcia;psb;MT;sim;não votou;sim;sim;sim;sim;sim;sim;sim;não;sim;sim;não;sim;não;sim;sim;sim;sim;SIM;nao
178969;FabioMitidieri;Fábio Mitidieri;psd;SE;não;sim;não;sim;sim;sim;sim;sim;sim;não;sim;sim;não votou;sim;sim;sim;não;sim;sim;NAO;nao
141427;FabioRamalho;Fábio Ramalho;pv;MG;sim;sim;sim;não;não;não;sim;sim;sim;sim;não;sim;não votou;não votou;sim;sim;não;sim;sim;SIM;nao
171623;FabioReis;Fabio Reis;pmdb;SE;sim;não votou;sim;sim;sim;sim;sim;sim;sim;sim;sim;sim;não;sim;não;sim;sim;sim;sim;SIM;nao
178877;FabioSousa;Fábio Sousa;psdb;GO;sim;não;sim;sim;sim;sim;sim;sim;sim;sim;não votou;não;abstenção;não;não;não;sim;sim;não;SIM;sim
66828;FaustoPinato;Fausto Pinato;prb;SP;sim;não votou;não;sim;sim;sim;sim;não;sim;não;sim;sim;não;sim;não;não;não;sim;não;SIM;nao
141430;FelipeBornier;Felipe Bornier;psd;RJ;não votou;sim;não;sim;sim;sim;sim;sim;não votou;sim;sim;sim;sim;não;não;sim;sim;sim;sim;SIM;nao
141429;FelipeMaia;Felipe Maia;dem;RN;sim;sim;não votou;sim;sim;sim;sim;sim;sim;sim;sim;sim;abstenção;não;não;não;sim;sim;sim;SIM;nao
141431;FernandoCoelhoFilho;Fernando Coelho Filho;psb;PE;sim;sim;sim;sim;não;não;sim;sim;sim;não;não;sim;não;sim;não;sim;não;sim;sim;SIM;nao
160646;FernandoFrancischini;Fernando Francischini;solidaried;PR;não votou;não votou;sim;sim;sim;sim;sim;sim;não votou;sim;não votou;sim;sim;não votou;não votou;sim;não;sim;sim;SIM;sim
163831;FernandoJordao;Fernando Jordão;pmdb;RJ;sim;não votou;sim;sim;sim;sim;sim;sim;sim;sim;sim;sim;sim;sim;sim;sim;sim;sim;sim;SIM;nao
160676;FernandoTorres;Fernando Torres;psd;BA;sim;sim;sim;sim;não;não;sim;sim;sim;sim;sim;sim;não;sim;não votou;não votou;não votou;sim;não votou;NAO;nao
160598;FlaviaMorais;Flávia Morais;pdt;GO;não votou;não votou;sim;sim;não;não;não;não;sim;não;sim;sim;sim;não;não;não votou;não votou;sim;não votou;SIM;nao
141434;FlavianoMelo;Flaviano Melo;pmdb;AC;não votou;não votou;não votou;sim;sim;sim;sim;sim;sim;sim;sim;sim;não votou;sim;sim;não;não;não votou;não;SIM;nao
178978;Flavinho;Flavinho;psb;SP;não;sim;sim;sim;não;não;não;não;sim;não;não;sim;sim;não;não;sim;não;sim;não;SIM;nao
178907;FranciscoChapadinha;Francisco Chapadinha;psd;PA;sim;sim;sim;sim;sim;não votou;não votou;não votou;sim;não votou;sim;não votou;sim;não votou;sim;sim;não;sim;não;SIM;nao
160677;FranciscoFloriano;Francisco Floriano;pr;RJ;não;sim;sim;sim;sim;não votou;sim;sim;sim;não;sim;sim;abstenção;sim;sim;sim;não;sim;sim;SIM;sim
129037;GabrielGuimaraes;Gabriel Guimarães;pt;MG;sim;não votou;sim;não;não;não;não;não;não votou;não;não;sim;não votou;sim;sim;sim;não;não votou;não;NAO;nao
160669;GeneciasNoronha;Genecias Noronha;solidaried;CE;sim;sim;sim;não votou;sim;não votou;sim;sim;sim;sim;não votou;sim;não votou;não;não;sim;não;não votou;sim;SIM;nao
178966;GeovaniadeSa;Geovania de Sá;psdb;SC;sim;sim;não votou;sim;sim;sim;sim;sim;não;não;não votou;sim;sim;não;não;sim;não;sim;sim;SIM;nao
74374;GeraldoResende;Geraldo Resende;pmdb;MS;sim;não;sim;sim;sim;sim;sim;sim;sim;não;sim;sim;sim;não votou;sim;sim;não;sim;sim;SIM;nao
74383;Giacobo;Giacobo;pr;PR;não votou;não votou;não votou;não votou;sim;sim;7 sim;sim;sim;não;não votou;não votou;não votou;sim;sim;sim;não;sim;sim;SIM;nao
74270;GilbertoNascimento;Gilberto Nascimento;psc;SP;sim;não votou;não;sim;sim;sim;sim;sim;sim;sim;sim;sim;sim;não;não;não votou;não votou;sim;não votou;SIM;sim
160673;GiovaniCherini;Giovani Cherini;pdt;RS;sim;não;sim;sim;não;não;não votou;não;sim;não;sim;sim;sim;não;não;sim;não;sim;sim;SIM;nao
178878;GiuseppeVecci;Giuseppe Vecci;psdb;GO;sim;não;não votou;sim;sim;sim;sim;sim;sim;abstenção;sim;sim;sim;não;não;sim;não;sim;não;SIM;nao
74558;GivaldoCarimbao;Givaldo Carimbão;pros;AL;não votou;não votou;sim;não votou;não;não;sim;sim;sim;não;sim;sim;não;sim;sim;sim;não votou;sim;não;NAO;nao
178872;GivaldoVieira;Givaldo Vieira;pt;ES;sim;sim;sim;não;não;não;não;não;não;não;não;sim;sim;sim;sim;sim;não;sim;não;NAO;nao
152605;GlauberBraga;Glauber Braga;psb;RJ;não votou;não;não;não;não;não;não;não;não;não;não;sim;sim;não;não;não;não;sim;não;NAO;nao
152605;GlauberBraga;Glauber Braga;psol;RJ;;;;;;;;;;não votou;não votou;não votou;não votou;não votou;não votou;não votou;não votou;não votou;não votou;NAO;nao
74419;GonzagaPatriota;Gonzaga Patriota;psb;PE;não;não votou;sim;não votou;sim;sim;não;não;sim;não;sim;sim;sim;não;não;sim;não;sim;não;SIM;nao
129618;GoretePereira;Gorete Pereira;pr;CE;sim;sim;sim;sim;sim;sim;não votou;não votou;sim;não votou;sim;não votou;sim;sim;sim;sim;não votou;sim;sim;ABST;nao
178980;Goulart;Goulart;psd;SP;sim;sim;não votou;sim;sim;sim;sim;sim;sim;não;não;sim;abstenção;não votou;sim;sim;não;sim;sim;SIM;nao
160667;GuilhermeMussi;Guilherme Mussi;pp;SP;sim;não votou;sim;não votou;sim;sim;sim;sim;sim;sim;sim;sim;sim;sim;sim;sim;não;sim;não votou;SIM;nao
178964;HeitorSchuch;Heitor Schuch;psb;RS;não;não votou;sim;sim;não;não;não;não;não;não;não;sim;sim;não;não;sim;não;sim;sim;SIM;nao
178873;HelderSalomao;Helder Salomão;pt;ES;não;abstção;sim;não;não;não;não;não;não;não;não;sim;sim;sim;sim;sim;não;sim;não;NAO;nao
178909;HelioLeite;Hélio Leite;dem;PA;sim;sim;sim;sim;sim;sim;sim;sim;sim;não;sim;não;não;não;não;não;sim;não votou;não;SIM;nao
73482;HenriqueFontana;Henrique Fontana;pt;RS;não votou;sim;sim;não;não;não;não;não;não;não;não;sim;sim;sim;sim;sim;não;sim;não;NAO;nao
97707;HeraclitoFortes;Heráclito Fortes;psb;PI;sim;sim;sim;sim;abstção;sim;sim;sim;sim;sim;não;sim;não votou;não votou;não;sim;não;não votou;não votou;SIM;nao
178981;HerculanoPassos;Herculano Passos;psd;SP;sim;sim;sim;sim;sim;sim;sim;sim;sim;não;sim;sim;abstenção;sim;sim;sim;não;sim;não;SIM;nao
73772;HermesParcianello;Hermes Parcianello;pmdb;PR;sim;sim;não;sim;sim;sim;sim;sim;não;sim;sim;sim;sim;não;não;sim;sim;sim;sim;SIM;nao
160596;HeulerCruvinel;Heuler Cruvinel;psd;GO;sim;não;não;sim;sim;sim;não votou;não votou;sim;não votou;sim;não votou;não;sim;não;sim;não;sim;não;SIM;nao
178884;HildoRocha;Hildo Rocha;pmdb;MA;sim;não;sim;sim;sim;sim;sim;sim;sim;sim;sim;sim;sim;não votou;sim;não;sim;não;sim;SIM;nao
178849;HissaAbrahao;Hissa Abrahão;pps;AM;sim;sim;sim;não votou;não;não;não;não;sim;não;sim;sim;sim;não votou;não;não;sim;sim;não;SIM;nao
141450;HugoLeal;Hugo Leal;pros;RJ;sim;não votou;sim;sim;não;não;sim;sim;sim;sim;não votou;sim;sim;sim;sim;não votou;não votou;não votou;não votou;SIM;nao
160674;HugoMotta;Hugo Motta;pmdb;PB;sim;não votou;sim;sim;sim;sim;sim;sim;sim;sim;sim;sim;não votou;não votou;sim;sim;não;não votou;sim;SIM;nao
141389;IndiodaCosta;Indio da Costa;psd;RJ;não votou;sim;sim;sim;sim;sim;sim;sim;não votou;não;sim;sim;abstenção;não votou;sim;não;sim;sim;não;SIM;nao
67138;IracemaPortella;Iracema Portella;pp;PI;sim;sim;sim;sim;não votou;sim;sim;sim;sim;sim;sim;sim;sim;sim;sim;sim;não votou;sim;sim;SIM;nao
81232;IrajaAbreu;Irajá Abreu;psd;TO;sim;não votou;não votou;sim;sim;sim;não votou;não votou;sim;não votou;sim;não votou;sim;sim;sim;não votou;não votou;sim;não votou;NAO;nao
178855;IrmaoLazaro;Irmão Lazaro;psc;BA;não votou;não votou;sim;sim;não votou;sim;não;sim;sim;não;sim;sim;sim;não;não;não;sim;sim;sim;SIM;sim
73531;IvanValente;Ivan Valente;psol;SP;não;não;não;não;não;obstção;obstção;não;não;não;não;sim;sim;não;não;sim;não;sim;não;NAO;nao
4931;Izalci;Izalci;psdb;DF;sim;sim;sim;sim;sim;sim;sim;sim;sim;não;sim;sim;não;não;não;sim;não;sim;não;SIM;nao
74665;JaimeMartins;Jaime Martins;psd;MG;sim;não votou;sim;sim;sim;sim;sim;sim;sim;sim;sim;sim;não votou;sim;sim;sim;sim;não votou;sim;SIM;nao
74847;JairBolsonaro;Jair Bolsonaro;pp;RJ;não;sim;não;sim;sim;sim;sim;sim;não votou;sim;sim;sim;não;não;não;sim;não;sim;sim;SIM;nao
74848;JandiraFeghali;Jandira Feghali;pcdob;RJ;não;não;sim;não;não;não;não;não;não;sim;não;sim;sim;sim;sim;não;não;sim;não;NAO;nao
73926;JaneteCapiberibe;Janete Capiberibe;psb;AP;não;não votou;não votou;não votou;não;não;7 não;não;não;não;não votou;sim;sim;não votou;não votou;sim;não;sim;sim;NAO;nao
131943;JarbasVasconcelos;Jarbas Vasconcelos;pmdb;PE;não;sim;não votou;sim;não;não;sim;sim;sim;não;sim;sim;não;não;não;sim;sim;sim;não;SIM;nao
160672;JeanWyllys;Jean Wyllys;psol;RJ;não;não;não;não;não;obstção;obstção;não;não;não;não;sim;sim;não;não;sim;não;sim;não;NAO;nao
74273;JeffersonCampos;Jefferson Campos;psd;SP;sim;não votou;não votou;sim;sim;sim;sim;sim;sim;sim;sim;sim;abstenção;não;não;sim;não;sim;sim;SIM;sim
160570;JeronimoGoergen;Jerônimo Goergen;pp;RS;sim;não;sim;sim;sim;sim;sim;sim;sim;não;sim;sim;sim;não;não;não votou;não votou;sim;não votou;SIM;nao
178839;JessicaSales;Jéssica Sales;pmdb;AC;sim;não votou;não votou;sim;sim;sim;não votou;não votou;não votou;não votou;sim;não votou;não votou;sim;sim;sim;não;não votou;sim;SIM;nao
178842;JHC;JHC;solidaried;AL;não votou;sim;sim;sim;não;sim;não;não;não votou;não;sim;sim;sim;não;não;não;sim;sim;sim;SIM;nao
178842;JHC;JHC;psb;AL;não;não votou;não votou;não votou;não votou;6 não votou;7 não votou;não votou;não votou;não votou;não votou;não votou;não votou;não votou;não votou;não votou;não votou;não votou;não votou;SIM;nao
160531;JhonatandeJesus;Jhonatan de Jesus;prb;RR;não;sim;sim;sim;sim;sim;sim;não;sim;não;sim;sim;não votou;não votou;não;não;não;não votou;sim;SIM;nao
160573;JoaoArruda;João Arruda;pmdb;PR;não;não votou;sim;não;não;não;sim;não;não;sim;sim;sim;não;não votou;não;sim;sim;sim;não;SIM;nao
74366;JoaoCampos;João Campos;psdb;GO;sim;sim;sim;sim;sim;sim;sim;sim;sim;não;sim;sim;abstenção;não;não;sim;sim;sim;não;SIM;nao
141458;JoaoCarlosBacelar;João Carlos Bacelar;pr;BA;sim;não votou;não votou;não votou;sim;não votou;7 sim;sim;não;não;sim;sim;não;sim;sim;sim;não;sim;não votou;NAO;nao
74445;JoaoCastelo;João Castelo;psdb;MA;sim;sim;não;sim;sim;sim;sim;sim;sim;sim;sim;sim;sim;não;não;sim;não;sim;não;SIM;nao
178970;JoaoDaniel;João Daniel;pt;SE;não;sim;sim;não;não;não;não;não;não;não;não;sim;sim;sim;sim;sim;não;sim;não;NAO;nao
178965;JoaoDerly;João Derly;rede;RS;não;não votou;não votou;não votou;não votou;6 não votou;7 não votou;não votou;não votou;não votou;não votou;não votou;não votou;não votou;não votou;não votou;não votou;não votou;não votou;SIM;nao
178965;JoaoDerly;João Derly;pcdob;RS;não votou;não;sim;não votou;não;não;não;não;não;sim;não;sim;sim;sim;não;não;não;sim;não votou;SIM;nao
178917;JoaoFernandoCoutinho;João Fernando Coutinho;psb;PE;não;sim;não;abstção;não;não;sim;não;sim;não;não;sim;sim;sim;não;sim;não;sim;sim;SIM;nao
178856;JoaoGualberto;João Gualberto;psdb;BA;não votou;sim;sim;sim;sim;sim;sim;sim;sim;sim;não votou;não votou;abstenção;não;não;sim;não;sim;sim;SIM;nao
112437;JoaoMarceloSouza;João Marcelo Souza;pmdb;MA;sim;sim;sim;abstção;não;não;sim;sim;sim;sim;sim;sim;não votou;sim;sim;não votou;não votou;não votou;não votou;NAO;nao
178988;JoaoPauloPapa;João Paulo Papa;psdb;SP;sim;sim;sim;sim;não;sim;sim;sim;sim;não;não votou;sim;sim;não;não;não;não;sim;não;SIM;nao
160571;JoaoRodrigues;João Rodrigues;psd;SC;sim;sim;não;sim;sim;sim;sim;sim;sim;sim;sim;sim;não;não;não;sim;não;sim;não;SIM;nao
178910;JoaquimPassarinho;Joaquim Passarinho;psd;PA;não votou;sim;sim;sim;sim;sim;sim;sim;sim;não;sim;sim;sim;não;sim;sim;não;sim;não;SIM;nao
141503;JoMoraes;Jô Moraes;pcdob;MG;não;não votou;sim;não;não;não;não;não;não;sim;não;sim;não votou;sim;sim;não;não;não votou;não;NAO;nao
178971;JonyMarcos;Jony Marcos;prb;SE;sim;não votou;não votou;não;sim;sim;sim;não;não;não;não;sim;sim;sim;sim;não;sim;sim;não;SIM;nao
74388;JorgeBoeira;Jorge Boeira;pp;SC;não votou;não votou;não votou;não votou;sim;sim;7 não;não;não;não;sim;sim;não votou;não;não;não;sim;não votou;não;SIM;nao
160572;JorgeCorteReal;Jorge Côrte Real;ptb;PE;sim;sim;não votou;sim;sim;sim;sim;sim;sim;sim;sim;sim;sim;sim;sim;sim;não;sim;sim;SIM;nao
178857;JorgeSolla;Jorge Solla;pt;BA;não;não votou;sim;não votou;não;não;não;não;não;não;não;sim;sim;sim;sim;sim;não;sim;sim;NAO;nao
73535;JorgeTadeuMudalen;Jorge Tadeu Mudalen;dem;SP;sim;sim;sim;sim;sim;sim;sim;não;sim;sim;sim;sim;abstenção;não;não;não;sim;sim;não;SIM;nao
160509;JorginhoMello;Jorginho Mello;pr;SC;sim;não votou;sim;não votou;sim;sim;não votou;sim;sim;não;sim;não votou;sim;sim;sim;não votou;não votou;sim;não votou;SIM;nao
141464;JoseAirtonCirilo;José Airton Cirilo;pt;CE;sim;sim;não votou;não;não;não;não;não;não;não;não;sim;sim;sim;sim;sim;não;sim;não;NAO;nao
74553;JoseCarlosAleluia;José Carlos Aleluia;dem;BA;sim;sim;sim;não;sim;sim;sim;sim;sim;não;sim;não;não votou;sim;sim;não;sim;sim;não;SIM;nao
74140;JoseCarlosAraujo;José Carlos Araújo;psd;BA;sim;não votou;não;sim;sim;sim;sim;sim;sim;não;sim;sim;sim;sim;não votou;sim;não;sim;sim;NAO;nao
141470;JoseGuimaraes;José Guimarães;pt;CE;sim;não votou;sim;não;não;não;não;não;não;não;sim;sim;não votou;sim;sim;sim;não;sim;não;NAO;nao
74275;JoseMentor;José Mentor;pt;SP;não votou;não votou;sim;não;não;não;não;não;não;não;não;sim;sim;sim;sim;sim;não;sim;não;NAO;nao
160619;JoseNunes;José Nunes;psd;BA;sim;sim;sim;não votou;sim;sim;não;não;sim;sim;sim;sim;sim;sim;sim;sim;sim;sim;sim;NAO;nao
74395;JoseOtavioGermano;José Otávio Germano;pp;RS;sim;não votou;não;sim;sim;sim;não;não votou;sim;sim;sim;não votou;sim;não;não;não votou;não votou;sim;não votou;SIM;nao
74079;JosePriante;José Priante;pmdb;PA;não votou;não votou;sim;sim;não votou;não votou;7 não votou;não votou;não votou;sim;não votou;não votou;sim;sim;sim;sim;não;não votou;não;SIM;nao
73714;JoseReinaldo;José Reinaldo;psb;MA;sim;não;sim;não votou;sim;sim;sim;sim;sim;sim;não votou;sim;não;sim;sim;sim;não;sim;sim;SIM;nao
74554;JoseRocha;José Rocha;pr;BA;sim;não votou;sim;sim;sim;sim;sim;sim;sim;não;sim;sim;sim;sim;sim;não votou;não votou;sim;não votou;NAO;nao
160607;JoseStedile;Jose Stédile;psb;RS;não;não votou;não;sim;não;não;não;não;não;não;não;sim;sim;não;não;sim;não;sim;sim;SIM;nao
114941;JosiNunes;Josi Nunes;pmdb;TO;sim;sim;sim;sim;não;não;sim;sim;sim;sim;sim;sim;sim;sim;não;sim;não;sim;sim;SIM;nao
74351;JosueBengtson;Josué Bengtson;ptb;PA;sim;sim;sim;sim;sim;sim;sim;sim;sim;sim;sim;sim;não;não;não;sim;sim;sim;sim;SIM;sim
73666;JovairArantes;Jovair Arantes;ptb;GO;sim;não votou;sim;sim;sim;sim;sim;sim;sim;sim;sim;não;abstenção;sim;sim;sim;não;sim;sim;SIM;nao
178851;JoziAraujo;Jozi Araújo;ptb;AP;sim;não votou;não votou;não votou;não votou;6 não votou;7 não votou;não votou;não votou;não votou;não votou;não votou;não votou;não votou;não votou;não votou;não votou;não votou;não votou;NAO;nao
67312;JuliaMarinho;Júlia Marinho;psc;PA;sim;sim;não;sim;sim;sim;sim;não votou;sim;não votou;sim;sim;sim;não;não;sim;sim;sim;sim;SIM;sim
74317;JulioCesar;Júlio Cesar;psd;PI;sim;sim;sim;sim;sim;sim;sim;sim;sim;sim;sim;sim;abstenção;sim;sim;sim;não;sim;sim;SIM;nao
73586;JulioDelgado;Júlio Delgado;psb;MG;não;sim;sim;sim;não;abstção;não;sim;sim;não;não;sim;sim;não;não votou;sim;não;sim;sim;SIM;nao
74253;JulioLopes;Julio Lopes;pp;RJ;sim;não votou;não votou;sim;sim;sim;sim;sim;sim;sim;sim;sim;abstenção;sim;sim;sim;não;sim;não;SIM;nao
178885;JuniorMarreca;Junior Marreca;pen;MA;sim;não votou;sim;não;sim;sim;sim;sim;sim;sim;não votou;não votou;não votou;não;não votou;sim;sim;não votou;sim;NAO;nao
178886;JuscelinoFilho;Juscelino Filho;prp;MA;sim;sim;sim;sim;sim;sim;sim;sim;sim;sim;sim;sim;não;sim;sim;sim;não;não;sim;SIM;nao
74570;JutahyJunior;Jutahy Junior;psdb;BA;sim;sim;sim;sim;sim;sim;sim;sim;não votou;sim;não votou;sim;não;não votou;não votou;não;não;não;não;SIM;nao
160659;KeikoOta;Keiko Ota;psb;SP;não votou;não votou;não;sim;sim;sim;sim;sim;sim;não;não;sim;sim;sim;sim;sim;não;sim;sim;SIM;nao
151208;LaercioOliveira;Laercio Oliveira;solidaried;SE;sim;sim;sim;sim;sim;não votou;não votou;sim;sim;sim;sim;sim;sim;não;não;não votou;não votou;sim;não votou;SIM;sim
141478;LaerteBessa;Laerte Bessa;pr;DF;não;sim;sim;não votou;sim;sim;sim;sim;não votou;não;sim;sim;não;sim;sim;sim;não votou;sim;sim;SIM;nao
178894;LaudivioCarvalho;Laudivio Carvalho;pmdb;MG;sim;sim;sim;sim;sim;sim;sim;sim;sim;sim;sim;sim;não;sim;não;sim;sim;sim;sim;SIM;nao
141480;LazaroBotelho;Lázaro Botelho;pp;TO;sim;não votou;sim;sim;sim;sim;sim;sim;sim;sim;sim;sim;sim;sim;sim;sim;não votou;sim;sim;SIM;nao
178832;Leandre;Leandre;pv;PR;sim;sim;sim;sim;sim;sim;não;não;sim;não;não;sim;sim;não;não;sim;sim;sim;sim;SIM;nao
141562;LeloCoimbra;Lelo Coimbra;pmdb;ES;não;não;sim;sim;não;não;sim;não;sim;não;não votou;sim;sim;sim;não;sim;sim;sim;sim;SIM;nao
178825;LeodeBrito;Leo de Brito;pt;AC;não;não votou;sim;não;não;não;não;não;não;não;não;não;sim;sim;sim;sim;não;sim;não;NAO;nao
74156;LeonardoMonteiro;Leonardo Monteiro;pt;MG;não;sim;não votou;não;não;não;não;não;não;não;não;sim;sim;sim;sim;sim;não;sim;não;NAO;nao
74254;LeonardoPicciani;Leonardo Picciani;pmdb;RJ;não votou;não votou;sim;sim;sim;sim;sim;sim;sim;sim;sim;sim;sim;sim;sim;não;sim;não votou;sim;NAO;nao
141482;LeonardoQuintao;Leonardo Quintão;pmdb;MG;sim;não votou;sim;sim;sim;sim;sim;sim;sim;sim;não votou;sim;sim;sim;sim;sim;não;sim;sim;SIM;sim
74299;LeonidasCristino;Leônidas Cristino;pros;CE;sim;sim;sim;sim;não;não;sim;não;sim;não;sim;sim;não;sim;sim;sim;não;sim;sim;NAO;nao
160663;LeopoldoMeyer;Leopoldo Meyer;psb;PR;sim;não votou;sim;sim;não;não;não;não;sim;não;não;sim;sim;não;não;sim;não;sim;não votou;SIM;nao
74585;LincolnPortela;Lincoln Portela;pr;MG;abstenção;sim;sim;sim;sim;sim;sim;não;não;não;não;sim;sim;sim;não votou;não votou;não votou;sim;não votou;SIM;sim
178879;LucasVergilio;Lucas Vergilio;solidaried;GO;sim;sim;sim;sim;sim;sim;sim;sim;sim;sim;sim;sim;sim;não;não;sim;sim;sim;sim;SIM;nao
160628;LucianaSantos;Luciana Santos;pcdob;PE;não;não votou;sim;não;não;não;não;não;não;sim;não;sim;sim;sim;sim;não;não;sim;não;NAO;nao
178931;LucianoDucci;Luciano Ducci;psb;PR;não;não votou;sim;sim;sim;sim;sim;sim;sim;não;sim;sim;sim;não;não;sim;não;sim;sim;SIM;nao
178954;LucioMosquini;Lucio Mosquini;pmdb;RO;sim;não votou;sim;sim;sim;sim;sim;sim;não;sim;sim;sim;sim;sim;sim;sim;sim;sim;sim;SIM;sim
141484;LucioVale;Lúcio Vale;pr;PA;não;sim;sim;sim;sim;sim;sim;sim;não votou;não;sim;sim;não;sim;sim;sim;não;sim;não;NAO;nao
94931;LucioVieiraLima;Lucio Vieira Lima;pmdb;BA;não votou;sim;não votou;sim;sim;sim;sim;sim;sim;sim;sim;sim;não votou;sim;sim;não votou;não votou;não votou;não votou;SIM;nao
73483;LuisCarlosHeinze;Luis Carlos Heinze;pp;RS;sim;sim;não;sim;sim;sim;sim;sim;sim;sim;sim;sim;sim;não;não;sim;não;sim;não;SIM;nao
160510;LuisTibe;Luis Tibé;ptdob;MG;não votou;sim;sim;sim;sim;sim;sim;não;sim;não;sim;sim;sim;sim;sim;não;não;sim;não;SIM;nao
74784;LuizaErundina;Luiza Erundina;psb;SP;não;não votou;não;não;não;não;não votou;não votou;não;não votou;não votou;não votou;não votou;não votou;não votou;não votou;não votou;não votou;não votou;NAO;nao
141485;LuizCarlosBusato;Luiz Carlos Busato;ptb;RS;sim;não votou;sim;sim;não;não;sim;sim;sim;sim;não votou;sim;sim;sim;sim;não votou;não votou;não votou;não votou;SIM;nao
73778;LuizCarlosHauly;Luiz Carlos Hauly;psdb;PR;não votou;não votou;sim;não votou;sim;sim;sim;sim;sim;não;sim;sim;sim;não;não;não;não;sim;não;SIM;nao
178802;LuizCarlosRamos;Luiz Carlos Ramos;psdc;RJ;sim;sim;sim;sim;sim;sim;sim;sim;sim;sim;sim;sim;sim;sim;não;não;sim;sim;não;SIM;nao
178955;LuizClaudio;Luiz Cláudio;pr;RO;sim;sim;abstção;sim;sim;sim;sim;sim;sim;não;sim;sim;sim;sim;sim;sim;não;sim;abstenção;SIM;sim
74041;LuizCouto;Luiz Couto;pt;PB;não;sim;não;não;não;não;não;não;não;não;não;sim;sim;sim;sim;sim;não;sim;não;NAO;nao
141487;LuizFernandoFaria;Luiz Fernando Faria;pp;MG;sim;não votou;sim;não votou;sim;sim;sim;não votou;sim;sim;sim;não votou;sim;sim;sim;sim;não;sim;sim;SIM;nao
178866;LuizianneLins;Luizianne Lins;pt;CE;não;sim;sim;não votou;não;não;não;não;não;não;não;sim;sim;não votou;não votou;sim;não;sim;não;NAO;nao
178982;LuizLauroFilho;Luiz Lauro Filho;psb;SP;não;sim;sim;sim;sim;sim;sim;sim;sim;não;não;sim;não;não votou;sim;sim;não;sim;não;SIM;nao
162332;LuizNishimori;Luiz Nishimori;pr;PR;sim;sim;sim;sim;sim;sim;sim;sim;sim;não;sim;sim;sim;sim;sim;sim;não;sim;sim;SIM;nao
74688;LuizSergio;Luiz Sérgio;pt;RJ;não votou;sim;sim;não;não;não;não;não;não;não;sim;sim;sim;não votou;sim;sim;não;não votou;não;NAO;nao
178867;Macedo;Macedo;psl;CE;sim;sim;sim;não votou;não votou;não votou;7 sim;não;não;sim;sim;sim;sim;sim;sim;sim;não;sim;sim;NAO;nao
166402;MagdaMofatto;Magda Mofatto;pr;GO;não votou;não votou;sim;sim;sim;sim;sim;sim;sim;não;sim;sim;não;sim;sim;sim;não;sim;sim;SIM;nao
178826;MajorOlimpio;Major Olimpio;pdt;SP;sim;sim;não;sim;sim;sim;não;não;sim;não;não;sim;abstenção;não votou;não;sim;não;sim;sim;SIM;nao
160633;Mandetta;Mandetta;dem;MS;sim;sim;sim;sim;não;sim;sim;não;sim;não;sim;sim;sim;não;não;não;sim;sim;sim;SIM;nao
141490;ManoelJunior;Manoel Junior;pmdb;PB;não votou;não votou;sim;sim;sim;sim;sim;sim;sim;sim;sim;sim;não votou;sim;sim;sim;sim;sim;não votou;SIM;nao
160565;MaraGabrilli;Mara Gabrilli;psdb;SP;sim;não votou;sim;não votou;não;sim;sim;abstenção;não;não;sim;sim;não votou;não;não;não votou;não votou;não votou;não votou;SIM;nao
179000;MarceloAlvaroAntonio;Marcelo Álvaro Antônio;prp;MG;sim;sim;sim;sim;sim;sim;sim;não;sim;sim;sim;sim;sim;sim;não;não;não;sim;não;SIM;nao
146788;MarceloAro;Marcelo Aro;phs;MG;não votou;não votou;sim;sim;sim;sim;sim;sim;sim;sim;não votou;sim;não;sim;não;sim;não;sim;não;SIM;nao
178932;MarceloBelinati;Marcelo Belinati;pp;PR;sim;sim;não;sim;sim;sim;não;não;não;sim;não;sim;não;não;não;não;sim;sim;não;SIM;nao
74460;MarceloCastro;Marcelo Castro;pmdb;PI;não votou;não votou;sim;sim;sim;abstção;não;não;sim;não;sim;sim;não votou;sim;sim;sim;não;não votou;sim;NAO;nao
76287;MarceloMatos;Marcelo Matos;pdt;RJ;não;não;sim;sim;abstção;sim;não;não;não;não;não;sim;sim;não;não;sim;não;sim;sim;SIM;nao
118594;MarceloSquassoni;Marcelo Squassoni;prb;SP;sim;sim;sim;sim;sim;sim;sim;não;sim;não;sim;sim;abstenção;sim;não;sim;sim;sim;não;SIM;nao
178983;MarcioAlvino;Marcio Alvino;pr;SP;sim;não votou;sim;sim;sim;sim;sim;sim;sim;não;sim;sim;abstenção;sim;sim;sim;não;sim;sim;SIM;nao
150418;MarcioMarinho;Márcio Marinho;prb;BA;sim;sim;sim;sim;sim;sim;sim;não;não;não;sim;sim;não votou;sim;não;não;não;sim;não;SIM;nao
133373;MarcoMaia;Marco Maia;pt;RS;não;sim;sim;não;não;não;não;não;não;não;não;sim;sim;sim;sim;sim;não;sim;não;NAO;nao
160535;Marcon;Marcon;pt;RS;não;sim;não;não;não;não;não;não;não;não;não;sim;sim;não votou;não votou;sim;não;sim;não;NAO;nao
178880;MarcosAbrao;Marcos Abrão;pps;GO;sim;não;sim;sim;não;sim;não;não;sim;não;sim;sim;sim;não;não;não;sim;sim;não;SIM;nao
141500;MarcosMontes;Marcos Montes;psd;MG;sim;sim;sim;sim;sim;sim;sim;sim;sim;sim;sim;sim;não;sim;sim;sim;sim;sim;não;SIM;nao
178852;MarcosReategui;Marcos Reategui;psc;AP;não;não votou;sim;não votou;não;sim;sim;não;não;não;não;sim;abstenção;não;não votou;sim;sim;sim;sim;SIM;nao
167722;MarcosRogerio;Marcos Rogério;pdt;RO;não;não votou;não votou;sim;sim;sim;não;não;não;abstenção;sim;sim;abstenção;não;não;sim;sim;sim;não;SIM;nao
178850;MarcosRotta;Marcos Rotta;pmdb;AM;sim;não votou;sim;sim;sim;sim;sim;sim;sim;sim;sim;sim;sim;não;não;sim;sim;sim;sim;SIM;nao
178943;MarcosSoares;Marcos Soares;pr;RJ;sim;não votou;não votou;sim;sim;sim;não votou;não votou;não votou;não votou;abstenção;sim;não;sim;não;sim;sim;sim;sim;SIM;sim
160536;MarcoTebaldi;Marco Tebaldi;psdb;SC;sim;não votou;não votou;sim;sim;sim;sim;sim;sim;não;sim;sim;sim;não;não;sim;não;sim;sim;SIM;nao
159238;MarcusPestana;Marcus Pestana;psdb;MG;sim;sim;não;sim;sim;sim;sim;sim;sim;não;sim;sim;abstenção;não;não;sim;não;sim;não;SIM;nao
74235;MarcusVicente;Marcus Vicente;pp;ES;sim;sim;não;sim;sim;sim;sim;sim;sim;sim;sim;sim;não;sim;não;não votou;não;sim;não votou;SIM;nao
171619;MargaridaSalomao;Margarida Salomão;pt;MG;abstenção;sim;sim;não;não;não;não;não;não;não;não;sim;sim;sim;sim;sim;não;sim;não;NAO;nao
74398;MariadoRosario;Maria do Rosário;pt;RS;não;sim;sim;não votou;não;não;não;não;não;não;não;não;sim;sim;sim;sim;não;sim;não;NAO;nao
64960;MariaHelena;Maria Helena;psb;RR;não;não votou;não votou;sim;não;não;sim;sim;não;não;não;sim;sim;não;não;sim;não;sim;sim;SIM;nao
178956;MarianaCarvalho;Mariana Carvalho;psdb;RO;sim;sim;sim;sim;sim;sim;não votou;não votou;sim;não votou;sim;não votou;sim;não;não;sim;sim;sim;não;SIM;nao
178919;MarinaldoRosendo;Marinaldo Rosendo;psb;PE;não;não votou;sim;sim;sim;sim;não;não;sim;sim;não votou;sim;sim;sim;não;sim;não;sim;sim;SIM;nao
74177;MarinhaRaupp;Marinha Raupp;pmdb;RO;não votou;não votou;sim;sim;não;não;sim;não;não;não;não votou;sim;sim;sim;não votou;sim;não;sim;sim;SIM;nao
74158;MarioHeringer;Mário Heringer;pdt;MG;sim;não votou;sim;sim;não;não;não votou;não votou;sim;não votou;sim;não votou;sim;não;não;sim;não;sim;sim;SIM;nao
178843;MarxBeltrao;Marx Beltrão;pmdb;AL;sim;não votou;sim;sim;sim;sim;sim;sim;sim;sim;sim;não;não votou;não;sim;sim;sim;sim;sim;SIM;nao
74050;MauricioQuintellaLessa;Maurício Quintella Lessa;pr;AL;não votou;não votou;sim;sim;sim;sim;sim;sim;sim;não;não votou;sim;abstenção;sim;sim;sim;não;sim;sim;SIM;nao
74749;MauroLopes;Mauro Lopes;pmdb;MG;sim;sim;sim;sim;sim;não votou;sim;sim;sim;sim;sim;sim;não;sim;sim;não votou;não votou;sim;não votou;SIM;nao
141507;MauroMariani;Mauro Mariani;pmdb;SC;sim;sim;não;sim;sim;sim;sim;sim;sim;não;sim;sim;sim;sim;sim;sim;sim;sim;não;SIM;nao
124411;MauroPereira;Mauro Pereira;pmdb;RS;sim;não;sim;sim;sim;sim;sim;sim;sim;não;sim;sim;sim;sim;não;sim;não;sim;sim;SIM;nao
178827;MaxFilho;Max Filho;psdb;ES;sim;não votou;não;sim;não;não;não;não;não votou;abstenção;sim;sim;sim;não;não;abstenção;sim;sim;não;SIM;sim
178984;MiguelHaddad;Miguel Haddad;psdb;SP;sim;sim;sim;sim;sim;sim;sim;sim;sim;não;sim;sim;abstenção;não;não;não;sim;sim;não;SIM;nao
178985;MiguelLombardi;Miguel Lombardi;pr;SP;sim;sim;sim;sim;sim;sim;sim;sim;sim;não;sim;sim;abstenção;sim;sim;sim;não;sim;sim;SIM;nao
74787;MiltonMonti;Milton Monti;pr;SP;sim;sim;sim;sim;sim;sim;sim;sim;sim;não;não votou;sim;abstenção;sim;sim;sim;não;sim;sim;SIM;nao
74862;MiroTeixeira;Miro Teixeira;pros;RJ;não votou;não;não;sim;não;não;não;não;não;sim;não;sim;sim;não;não;não;sim;sim;não;SIM;nao
74862;MiroTeixeira;Miro Teixeira;rede;RJ;não;não votou;não votou;não votou;não votou;6 não votou;7 não votou;não votou;não votou;não votou;não votou;não votou;não votou;não votou;não votou;não votou;não votou;não votou;não votou;SIM;nao
178895;MisaelVarella;Misael Varella;dem;MG;sim;sim;sim;sim;sim;sim;sim;não;sim;sim;sim;sim;não;não votou;sim;sim;sim;sim;sim;SIM;nao
160561;MissionarioJoseOlimpio;Missionário José Olimpio;pp;SP;sim;sim;sim;sim;sim;sim;sim;não;sim;sim;sim;sim;abstenção;não;não;sim;sim;sim;sim;SIM;nao
178859;MoemaGramacho;Moema Gramacho;pt;BA;não;sim;sim;não;não;não;não;não;não;não;não;sim;sim;sim;sim;sim;não;não votou;não;NAO;nao
74457;MoroniTorgan;Moroni Torgan;dem;CE;sim;não;não votou;sim;sim;sim;sim;não;não;sim;sim;sim;sim;não;não;não;sim;sim;não;SIM;nao
178997;MosesRodrigues;Moses Rodrigues;pps;CE;sim;não;sim;sim;sim;sim;não;não;não;sim;sim;sim;sim;não;não;não;sim;sim;não;SIM;sim
160567;NelsonMarchezanJunior;Nelson Marchezan Junior;psdb;RS;sim;sim;sim;sim;sim;sim;sim;sim;sim;não;sim;sim;não;não;não;não;não;sim;não;SIM;nao
73553;NelsonMarquezelli;Nelson Marquezelli;ptb;SP;sim;não;sim;não votou;sim;sim;sim;sim;sim;sim;sim;sim;não;sim;sim;não;não;sim;sim;SIM;nao
73781;NelsonMeurer;Nelson Meurer;pp;PR;sim;sim;sim;sim;sim;sim;sim;sim;não;sim;sim;sim;sim;sim;sim;sim;não;sim;sim;SIM;nao
178896;NewtonCardosoJr;Newton Cardoso Jr;pmdb;MG;sim;sim;não;sim;não votou;não votou;sim;sim;sim;sim;sim;sim;sim;sim;sim;sim;não;não;sim;SIM;nao
166401;NilsonLeitao;Nilson Leitão;psdb;MT;sim;não votou;não;sim;sim;sim;sim;sim;sim;não;sim;sim;abstenção;não votou;não;sim;sim;sim;não votou;SIM;nao
74352;NilsonPinto;Nilson Pinto;psdb;PA;sim;sim;sim;sim;sim;sim;sim;sim;sim;sim;sim;sim;não;não;não;sim;sim;sim;não;SIM;nao
74359;NiltonCapixaba;Nilton Capixaba;ptb;RO;sim;sim;sim;sim;sim;sim;não votou;não votou;sim;não votou;não votou;não votou;sim;sim;não;sim;não;sim;sim;SIM;sim
178986;NiltoTatto;Nilto Tatto;pt;SP;não;sim;sim;não;não;não;não;não;não;não;não;sim;sim;sim;sim;sim;não;sim;não;NAO;nao
74752;OdelmoLeao;Odelmo Leão;pp;MG;sim;sim;não;sim;sim;sim;sim;não;sim;sim;sim;sim;não;não;não;sim;não;sim;sim;SIM;nao
178868;OdoricoMonteiro;Odorico Monteiro;pt;CE;sim;sim;não votou;abstção;não;não;não;não;não;não;não;sim;sim;sim;sim;sim;não;sim;sim;NAO;nao
74399;OnyxLorenzoni;Onyx Lorenzoni;dem;RS;não votou;não votou;não votou;não votou;sim;sim;7 não votou;não votou;sim;não votou;sim;não votou;não;não votou;não;não;sim;sim;não;SIM;sim
178987;OrlandoSilva;Orlando Silva;pcdob;SP;não;não;sim;não;não;não;não;não;não;sim;não;sim;sim;sim;sim;não;não;sim;não;NAO;nao
73463;OsmarSerraglio;Osmar Serraglio;pmdb;PR;sim;sim;sim;sim;sim;sim;sim;sim;sim;sim;sim;sim;não votou;não votou;não votou;sim;não votou;não votou;sim;SIM;nao
73692;OsmarTerra;Osmar Terra;pmdb;RS;não votou;sim;sim;sim;não;não;não votou;não votou;não;não votou;não votou;não votou;sim;sim;sim;não votou;não;sim;sim;SIM;nao
141515;OtavioLeite;Otavio Leite;psdb;RJ;sim;sim;sim;sim;sim;sim;sim;sim;sim;sim;não;sim;não;não;não;sim;não;sim;não votou;SIM;nao
160556;PadreJoao;Padre João;pt;MG;não;sim;sim;não;não;não;não;não;não;não;não;sim;sim;não votou;não votou;sim;não;sim;não;NAO;nao
74319;PaesLandim;Paes Landim;ptb;PI;sim;não votou;sim;sim;sim;sim;sim;sim;sim;sim;não;sim;não votou;sim;sim;não;não;sim;não;NAO;nao
160642;PastorEurico;Pastor Eurico;psb;PE;não votou;sim;sim;sim;sim;sim;não;sim;sim;sim;sim;não;sim;não;não;sim;não;sim;sim;SIM;sim
74095;PauderneyAvelino;Pauderney Avelino;dem;AM;não votou;não votou;não votou;não votou;sim;sim;7 sim;sim;sim;sim;sim;sim;abstenção;não;não;não;sim;sim;não;SIM;nao
171617;Paulao;Paulão;pt;AL;abstenção;sim;sim;não;não;não;não;não;não;não;não;sim;sim;sim;sim;sim;não;sim;não;NAO;nao
178860;PauloAzi;Paulo Azi;dem;BA;sim;sim;não;sim;sim;sim;sim;sim;sim;sim;sim;sim;abstenção;não votou;sim;sim;sim;sim;não;SIM;nao
74017;PauloFeijo;Paulo Feijó;pr;RJ;sim;sim;não;sim;sim;sim;não votou;não votou;sim;não votou;sim;não votou;sim;sim;não;sim;não;sim;não;SIM;nao
160517;PauloFoletto;Paulo Foletto;psb;ES;sim;sim;não;sim;não;sim;não;não;sim;não;sim;sim;sim;não;não;sim;não;sim;sim;SIM;nao
160558;PauloFreire;Paulo Freire;pr;SP;sim;sim;não votou;não votou;sim;sim;sim;não;não votou;não;sim;sim;abstenção;não;não;sim;não;sim;não;SIM;sim
74574;PauloMagalhaes;Paulo Magalhães;psd;BA;sim;sim;sim;sim;não;não;sim;não;não votou;não;sim;sim;não;sim;sim;sim;não;sim;não;NAO;nao
132056;PauloMaluf;Paulo Maluf;pp;SP;não votou;não votou;não votou;sim;sim;sim;sim;não votou;sim;sim;sim;não votou;não votou;sim;sim;sim;não;não votou;não votou;SIM;nao
141518;PauloPereiradaSilva;Paulo Pereira da Silva;solidaried;SP;sim;não votou;não;sim;sim;sim;não votou;sim;sim;sim;sim;não votou;abstenção;não;não;sim;sim;sim;sim;SIM;nao
74400;PauloPimenta;Paulo Pimenta;pt;RS;não;não votou;sim;não;não;não;não;não;não;não;não;sim;sim;sim;sim;sim;não;sim;não;NAO;nao
141488;PauloTeixeira;Paulo Teixeira;pt;SP;não;não votou;não votou;não;não;não;não;não;não;não;não;sim;sim;sim;sim;sim;não;sim;não;NAO;nao
74812;PedroChaves;Pedro Chaves;pmdb;GO;não votou;sim;sim;sim;sim;sim;sim;sim;sim;sim;sim;sim;não;sim;sim;sim;não;sim;sim;SIM;nao
178912;PedroCunhaLima;Pedro Cunha Lima;psdb;PB;sim;não;não;sim;sim;sim;sim;sim;sim;sim;sim;sim;não;não;não;não;não;sim;não;SIM;nao
74449;PedroFernandes;Pedro Fernandes;ptb;MA;não votou;não;não;sim;não;não;sim;sim;não;não;sim;sim;não;sim;sim;não;sim;sim;não;NAO;nao
160604;PedroUczai;Pedro Uczai;pt;SC;não;abstção;sim;não;não;não;não;não;não;não;não;sim;sim;não votou;não votou;sim;não;sim;não;NAO;nao
178844;PedroVilela;Pedro Vilela;psdb;AL;sim;não;sim;sim;sim;sim;não votou;não votou;sim;não votou;sim;não votou;abstenção;não;não;não;sim;sim;não;SIM;nao
141445;PepeVargas;Pepe Vargas;pt;RS;não;não votou;não votou;não votou;não votou;6 não votou;7 não votou;não votou;não votou;não votou;não votou;não votou;não votou;não votou;não votou;não votou;não votou;não votou;não votou;NAO;nao
73486;PompeodeMattos;Pompeo de Mattos;pdt;RS;sim;não votou;sim;sim;não;não;não;não;não votou;não;sim;sim;sim;não;não;sim;não;sim;não;ABST;nao
160641;ProfessoraMarcivania;Professora Marcivania;pt;AP;não;sim;sim;não;não;não;não;não;não;não;não;sim;sim;não votou;não votou;sim;não;sim;não;NAO;nao
148134;ProfessorVictorioGalli;Professor Victório Galli;psc;MT;sim;sim;não;sim;sim;sim;sim;não;sim;sim;sim;sim;sim;não;não;sim;sim;sim;sim;SIM;nao
178951;RafaelMotta;Rafael Motta;pros;RN;sim;não;sim;sim;não;sim;sim;não;não votou;não;sim;sim;sim;sim;não votou;sim;não votou;sim;sim;SIM;nao
74216;RaimundoGomesdeMatos;Raimundo Gomes de Matos;psdb;CE;sim;não votou;sim;sim;sim;sim;não votou;sim;sim;não;sim;não votou;abstenção;não;não;sim;não;sim;sim;SIM;nao
178998;RaquelMuniz;Raquel Muniz;psc;MG;sim;sim;não;sim;sim;sim;sim;não;sim;sim;sim;sim;sim;não;não;sim;não;sim;sim;SIM;nao
74161;ReginaldoLopes;Reginaldo Lopes;pt;MG;não;não votou;sim;não votou;não;não;não;não;não votou;não;não votou;sim;sim;sim;sim;sim;não;não;não;NAO;nao
178960;RemidioMonai;Remídio Monai;pr;RR;não votou;não votou;sim;sim;sim;sim;sim;sim;sim;não;sim;sim;não;não votou;sim;sim;não;sim;sim;SIM;nao
178989;RenataAbreu;Renata Abreu;ptn;SP;sim;sim;sim;sim;sim;sim;não;não;sim;sim;sim;sim;sim;sim;sim;sim;não;não votou;não;SIM;nao
141527;RenatoMolling;Renato Molling;pp;RS;não votou;sim;não;não votou;sim;sim;sim;sim;sim;sim;sim;sim;sim;não votou;não;sim;sim;sim;sim;SIM;nao
160654;RenzoBraz;Renzo Braz;pp;MG;sim;não votou;sim;não votou;sim;sim;sim;sim;não votou;sim;sim;sim;não votou;sim;não;sim;não;não votou;sim;SIM;nao
73788;RicardoBarros;Ricardo Barros;pp;PR;sim;não votou;não votou;não votou;não;não;7 sim;sim;sim;sim;não votou;sim;não votou;sim;sim;não;não votou;não votou;não;SIM;nao
160655;RicardoIzar;Ricardo Izar;psd;SP;sim;não votou;sim;sim;sim;sim;sim;sim;sim;sim;não;sim;não votou;sim;sim;sim;não;sim;não;SIM;nao
178920;RicardoTeobaldo;Ricardo Teobaldo;ptb;PE;sim;não votou;não votou;sim;sim;sim;sim;sim;sim;sim;sim;sim;não votou;sim;sim;sim;não;não votou;sim;NAO;nao
141472;RicardoTripoli;Ricardo Tripoli;psdb;SP;sim;sim;não votou;sim;sim;sim;sim;sim;sim;sim;sim;sim;não;não;não;sim;sim;sim;não;SIM;nao
152610;RobertoAlves;Roberto Alves;prb;SP;não;sim;sim;sim;sim;sim;sim;não;não votou;não;sim;sim;sim;sim;sim;não;não;sim;não;SIM;sim
73674;RobertoBalestra;Roberto Balestra;pp;GO;sim;sim;não;sim;sim;sim;sim;não votou;sim;sim;sim;sim;sim;não;não votou;sim;sim;sim;não;SIM;nao
141529;RobertoBritto;Roberto Britto;pp;BA;sim;sim;sim;sim;sim;sim;não votou;sim;sim;sim;sim;sim;não;sim;sim;sim;não;sim;sim;NAO;nao
178995;RobertoGoes;Roberto Góes;pdt;AP;não;não;sim;sim;não;não;sim;não;sim;não;não;não;sim;não;não;sim;não;sim;sim;NAO;nao
178944;RobertoSales;Roberto Sales;prb;RJ;não;sim;sim;sim;sim;sim;sim;não;sim;não;não votou;sim;sim;sim;não votou;sim;não;sim;não;SIM;sim
178840;Rocha;Rocha;psdb;AC;sim;sim;não;sim;sim;sim;sim;sim;sim;sim;sim;sim;não votou;não;não;sim;não;não votou;não;SIM;nao
141531;RodrigodeCastro;Rodrigo de Castro;psdb;MG;sim;sim;sim;sim;sim;sim;sim;sim;sim;sim;sim;sim;sim;não;não;sim;não;sim;sim;SIM;nao
74693;RodrigoMaia;Rodrigo Maia;dem;RJ;sim;sim;não votou;sim;sim;sim;sim;sim;sim;sim;sim;sim;abstenção;sim;sim;não;sim;sim;não;SIM;nao
178926;RodrigoMartins;Rodrigo Martins;psb;PI;não;não;sim;sim;não votou;não votou;não;sim;sim;não;não;sim;sim;não;não;sim;não;sim;sim;SIM;nao
178897;RodrigoPacheco;Rodrigo Pacheco;pmdb;MG;sim;sim;sim;sim;não votou;não votou;sim;não;sim;sim;sim;sim;não;sim;sim;não votou;não votou;sim;não votou;SIM;nao
141535;RogerioMarinho;Rogério Marinho;psdb;RN;sim;sim;sim;sim;não votou;sim;sim;sim;sim;sim;sim;sim;abstenção;não;não;sim;sim;sim;não;SIM;nao
160426;RogerioRosso;Rogério Rosso;psd;DF;sim;sim;abstção;sim;sim;sim;sim;sim;sim;não;sim;sim;sim;sim;sim;sim;sim;sim;sim;SIM;nao
141536;RomuloGouveia;Rômulo Gouveia;psd;PB;não;sim;sim;sim;sim;sim;sim;sim;sim;sim;sim;sim;sim;sim;sim;sim;sim;sim;sim;SIM;nao
160515;RonaldoBenedet;Ronaldo Benedet;pmdb;SC;sim;sim;sim;sim;sim;sim;sim;não;sim;sim;sim;sim;sim;sim;sim;sim;sim;sim;sim;SIM;nao
178861;RonaldoCarletto;Ronaldo Carletto;pp;BA;sim;sim;sim;sim;sim;sim;sim;sim;sim;sim;sim;sim;abstenção;sim;sim;sim;não;sim;sim;NAO;nao
160637;RonaldoFonseca;Ronaldo Fonseca;pros;DF;sim;sim;não votou;sim;sim;sim;não;não;sim;não;sim;sim;não;não;não;não;sim;sim;não;SIM;sim
178845;RonaldoLessa;Ronaldo Lessa;pdt;AL;não;não;sim;abstção;não;não;não votou;não votou;não votou;não;não;não votou;sim;não;não;sim;sim;sim;sim;NAO;nao
122466;RonaldoMartins;Ronaldo Martins;prb;CE;não;sim;sim;sim;sim;sim;sim;não;não;não;sim;sim;não;sim;não;não;não;sim;não;SIM;sim
163321;RonaldoNogueira;Ronaldo Nogueira;ptb;RS;sim;sim;sim;sim;sim;sim;sim;sim;não;não;não;sim;não;não;não;não;não;sim;não votou;SIM;sim
178870;RoneyNemer;Rôney Nemer;pmdb;DF;não;sim;sim;sim;sim;sim;sim;não;sim;sim;sim;não;sim;não votou;sim;sim;sim;sim;sim;SIM;nao
178945;RosangelaGomes;Rosangela Gomes;prb;RJ;sim;sim;sim;sim;sim;sim;sim;não;sim;não;sim;sim;sim;sim;não;não;não;sim;não;SIM;sim
73466;RubensBueno;Rubens Bueno;pps;PR;sim;não;sim;sim;não;não;não;não;sim;não;sim;sim;sim;não;não;não;sim;sim;não;SIM;nao
74371;RubensOtoni;Rubens Otoni;pt;GO;sim;sim;sim;sim;não;não;não;não;não votou;não;não;sim;sim;sim;sim;sim;não;sim;não;NAO;nao
178887;RubensPereiraJunior;Rubens Pereira Júnior;pcdob;MA;não;não;sim;não;não;não;não;não;não;sim;não;sim;não votou;sim;sim;não;não;não votou;não;NAO;nao
160630;SaguasMoraes;Ságuas Moraes;pt;MT;não;sim;sim;não;não;não;não;não;não;não;não votou;sim;sim;sim;não votou;sim;não;sim;não;NAO;nao
178990;SamuelMoreira;Samuel Moreira;psdb;SP;sim;sim;sim;sim;sim;sim;não votou;sim;sim;não;sim;não votou;não;não;não;não;sim;sim;não;SIM;nao
160621;SandroAlex;Sandro Alex;pps;PR;sim;sim;sim;sim;sim;sim;não;não;sim;não;sim;sim;sim;não;não;não;sim;sim;não;SIM;nao
74762;SaraivaFelipe;Saraiva Felipe;pmdb;MG;sim;sim;sim;sim;não;não;sim;não votou;sim;não votou;sim;sim;sim;sim;sim;sim;não;sim;sim;SIM;nao
74210;SarneyFilho;Sarney Filho;pv;MA;não votou;não votou;sim;não;não;não;sim;não;não votou;não;não;não votou;sim;sim;sim;sim;sim;não votou;sim;SIM;nao
73808;SergioBrito;Sérgio Brito;psd;BA;sim;sim;sim;sim;sim;sim;sim;não;sim;sim;sim;sim;não;sim;sim;sim;sim;sim;sim;NAO;nao
141542;SergioMoraes;Sérgio Moraes;ptb;RS;sim;não votou;não;sim;sim;sim;sim;sim;não votou;sim;sim;sim;não;não;não;sim;não;sim;sim;SIM;nao
178991;SergioReis;Sérgio Reis;prb;SP;não votou;sim;sim;sim;não votou;não votou;sim;não;não votou;não;sim;sim;não votou;sim;sim;não votou;não votou;não votou;não votou;SIM;nao
178933;SergioSouza;Sergio Souza;pmdb;PR;sim;sim;sim;sim;sim;sim;sim;sim;sim;sim;sim;sim;sim;sim;sim;não;sim;não votou;não;SIM;nao
178874;SergioVidigal;Sergio Vidigal;pdt;ES;sim;não votou;sim;sim;não;não;não;não;sim;não;não;sim;sim;não;não;abstenção;abstenção;sim;abstenção;SIM;sim
160612;SergioZveiter;Sergio Zveiter;psd;RJ;não votou;não votou;não votou;sim;não votou;não votou;7 não votou;não votou;sim;não votou;não votou;não votou;sim;sim;sim;sim;não;sim;sim;SIM;nao
178961;Sheridan;Shéridan;psdb;RR;sim;sim;não votou;sim;sim;sim;sim;sim;sim;sim;não votou;sim;sim;não;não;não votou;não votou;sim;não votou;SIM;sim
160613;SibaMachado;Sibá Machado;pt;AC;sim;não votou;não votou;não;não;não;não;não;não;não;não;sim;sim;sim;sim;sim;não;sim;não;NAO;nao
74356;SilasCamara;Silas Câmara;psd;AM;sim;sim;não;sim;não votou;não votou;sim;sim;não votou;não;sim;sim;abstenção;sim;sim;sim;não;sim;sim;SIM;sim
4930;SilvioCosta;Silvio Costa;psc;PE;sim;sim;sim;não;não;não;sim;sim;sim;não;sim;sim;não;sim;sim;não;não;sim;não;NAO;nao
73560;SilvioTorres;Silvio Torres;psdb;SP;sim;sim;sim;sim;sim;sim;sim;sim;sim;não;sim;sim;abstenção;não;não;sim;não;sim;não votou;SIM;nao
178911;SimoneMorgado;Simone Morgado;pmdb;PA;sim;sim;sim;sim;não;não;não;não;não votou;não;sim;sim;sim;sim;sim;sim;não;sim;sim;NAO;nao
178946;SorayaSantos;Soraya Santos;pmdb;RJ;não votou;não votou;sim;sim;sim;sim;sim;sim;sim;sim;sim;sim;sim;sim;sim;não votou;não votou;sim;não votou;SIM;nao
178947;SostenesCavalcante;Sóstenes Cavalcante;psd;RJ;sim;sim;não;sim;sim;sim;sim;sim;não;sim;sim;sim;sim;não;não;sim;sim;sim;não;SIM;sim
92776;StefanoAguiar;Stefano Aguiar;psb;MG;sim;não votou;não;sim;sim;sim;sim;sim;sim;sim;não;sim;abstenção;não;não;sim;não;sim;sim;SIM;sim
177282;SubtenenteGonzaga;Subtenente Gonzaga;pdt;MG;não;não;sim;sim;não;sim;não;não;não;não;não votou;sim;sim;não;não;sim;não;sim;sim;SIM;nao
178922;TadeuAlencar;Tadeu Alencar;psb;PE;não;não votou;não;não;não;não;não;não;não;não;não;sim;sim;sim;não;sim;não;sim;sim;SIM;nao
74385;Takayama;Takayama;psc;PR;não votou;sim;sim;sim;não votou;sim;não votou;não votou;não votou;não votou;não votou;não votou;não votou;não votou;não votou;não votou;não votou;não votou;não votou;SIM;sim
178898;TenenteLucio;Tenente Lúcio;psb;MG;não;sim;não;sim;não;não;sim;sim;sim;não;não;sim;sim;não;sim;sim;sim;sim;sim;SIM;nao
178901;TerezaCristina;Tereza Cristina;psb;MS;sim;não;não;sim;não;sim;sim;não votou;sim;não votou;sim;sim;sim;sim;sim;sim;não;sim;sim;SIM;nao
160617;ThiagoPeixoto;Thiago Peixoto;psd;GO;sim;não votou;não votou;não votou;não votou;6 não votou;7 não votou;não votou;não votou;não votou;não votou;não votou;não votou;não votou;não votou;não votou;não votou;não votou;não votou;SIM;nao
178862;TiaEron;Tia Eron;prb;BA;sim;sim;sim;não votou;sim;sim;sim;não;sim;não;sim;sim;sim;sim;não;não;não;sim;não;SIM;sim
160976;Tiririca;Tiririca;pr;SP;sim;sim;sim;sim;sim;sim;sim;sim;não;não;sim;sim;sim;sim;não;sim;não;sim;sim;SIM;nao
160611;ToninhoPinheiro;Toninho Pinheiro;pp;MG;sim;sim;sim;sim;sim;sim;sim;sim;sim;sim;sim;sim;não votou;sim;sim;sim;não;sim;sim;SIM;nao
178934;ToninhoWandscheer;Toninho Wandscheer;pt;PR;sim;não;sim;sim;não;não votou;não;não;não;não;não votou;sim;sim;sim;sim;sim;não;não votou;sim;SIM;nao
178863;UlduricoJunior;Uldurico Junior;ptc;BA;sim;sim;sim;sim;não;não;sim;não;não;não;não;sim;não votou;sim;não;não;não;não votou;sim;SIM;nao
141384;ValadaresFilho;Valadares Filho;psb;SE;não;sim;sim;sim;não;sim;sim;não;não votou;não;não;sim;sim;não;não;não votou;não votou;sim;não votou;SIM;nao
74010;ValdirColatto;Valdir Colatto;pmdb;SC;sim;sim;não;sim;sim;sim;não votou;não votou;sim;não votou;sim;não votou;sim;sim;sim;sim;não;sim;não;SIM;nao
113247;ValmirPrascidelli;Valmir Prascidelli;pt;SP;sim;sim;não votou;não;não;não;não;não;não;não;não;sim;sim;sim;sim;sim;não;não votou;não;NAO;nao
141552;ValtenirPereira;Valtenir Pereira;pros;MT;sim;sim;sim;não;sim;sim;não;não;sim;não;não votou;sim;sim;sim;sim;não;não;sim;não;NAO;nao
141553;VanderleiMacris;Vanderlei Macris;psdb;SP;sim;sim;sim;sim;sim;sim;sim;sim;não votou;não;sim;sim;abstenção;não votou;não;sim;não;sim;não;SIM;nao
74376;VanderLoubet;Vander Loubet;pt;MS;não;não votou;sim;sim;não;não votou;não;não;não;não;não votou;sim;não votou;sim;sim;sim;não;não votou;sim;NAO;nao
178913;VenezianoVitaldoRego;Veneziano Vital do Rêgo;pmdb;PB;não;sim;sim;não votou;sim;sim;sim;sim;sim;sim;sim;sim;sim;não;sim;sim;não;sim;sim;SIM;nao
74308;VicenteArruda;Vicente Arruda;pros;CE;sim;sim;sim;não;não votou;não votou;não votou;não votou;não votou;não votou;não votou;não votou;não votou;não votou;não votou;não votou;não votou;não votou;não votou;NAO;nao
160622;VicenteCandido;Vicente Candido;pt;SP;sim;não votou;não votou;não votou;não;não;7 não;não;não;não;não;sim;sim;sim;sim;sim;não;não votou;não;NAO;nao
74283;Vicentinho;Vicentinho;pt;SP;não;sim;sim;não;não;não;não;não;não;não;não;sim;sim;sim;sim;sim;não;sim;não;NAO;nao
137070;VicentinhoJunior;Vicentinho Júnior;psb;TO;não;não votou;não votou;sim;sim;sim;sim;sim;sim;não;sim;sim;não;sim;sim;sim;não;sim;sim;NAO;nao
178888;VictorMendes;Victor Mendes;pv;MA;sim;não;sim;sim;não votou;não votou;sim;não;sim;sim;não;sim;sim;sim;sim;sim;não;sim;não;SIM;nao
141555;ViniciusCarvalho;Vinicius Carvalho;prb;SP;não;sim;sim;sim;sim;sim;sim;não;sim;não;sim;sim;não;sim;sim;não;não;sim;não;SIM;sim
160591;ViniciusGurgel;Vinicius Gurgel;pr;AP;não votou;sim;não votou;sim;sim;sim;sim;sim;sim;não;não votou;sim;não;não votou;sim;sim;não;não votou;não;ABST;nao
178992;VitorLippi;Vitor Lippi;psdb;SP;sim;sim;sim;sim;sim;sim;sim;sim;sim;não;sim;sim;sim;não;não;sim;não;sim;não;SIM;nao
178869;VitorValim;Vitor Valim;pmdb;CE;sim;sim;sim;sim;sim;sim;sim;não;não;sim;não votou;sim;sim;não;não;sim;sim;sim;sim;SIM;nao
189593;WadihDamous;Wadih Damous;pt;RJ;não;sim;não;não;não;não;não;não;não votou;não;não votou;sim;sim;não votou;não votou;sim;não;sim;não;NAO;nao
160569;WaldenorPereira;Waldenor Pereira;pt;BA;não;sim;não votou;não votou;não;não;não;não;não;não;não;sim;sim;sim;sim;sim;não;sim;não;NAO;nao
141558;WaldirMaranhao;Waldir Maranhão;pp;MA;não votou;sim;sim;não votou;não;sim;sim;sim;não votou;sim;não votou;sim;não votou;sim;sim;não votou;não votou;não votou;não votou;NAO;nao
178952;WalterAlves;Walter Alves;pmdb;RN;sim;sim;sim;sim;sim;sim;sim;sim;sim;sim;sim;sim;não votou;sim;sim;sim;sim;sim;sim;SIM;nao
160620;WashingtonReis;Washington Reis;pmdb;RJ;sim;não votou;sim;não votou;não;não;não votou;sim;sim;sim;sim;não votou;sim;sim;sim;não votou;não votou;sim;não votou;SIM;sim
160518;WelitonPrado;Weliton Prado;pt;MG;não;sim;sim;sim;sim;sim;abstção;abstenção;não;abstenção;não;abstenção;abstenção;não;não;abstenção;abstenção;abstenção;abstenção;SIM;nao
74043;WellingtonRoberto;Wellington Roberto;pr;PB;sim;não votou;sim;sim;sim;não votou;sim;sim;sim;não;não votou;sim;sim;sim;sim;sim;não;sim;sim;NAO;nao
167493;WevertonRocha;Weverton Rocha;pdt;MA;não votou;não votou;sim;sim;não;não;não;não;sim;não;não;sim;sim;não;não;sim;não;sim;sim;NAO;nao
160636;WilsonFilho;Wilson Filho;ptb;PB;sim;não;sim;não votou;sim;sim;sim;não votou;sim;sim;não;sim;sim;sim;sim;sim;sim;sim;sim;SIM;nao
73930;WladimirCosta;Wladimir Costa;solidaried;PA;não votou;não votou;sim;não votou;não votou;não votou;7 não votou;não votou;não votou;não votou;não votou;não votou;não votou;não votou;não votou;não votou;não votou;não votou;não votou;SIM;nao
74439;WolneyQueiroz;Wolney Queiroz;pdt;PE;não;não votou;sim;sim;não;não;não;não;não;não;não;sim;não votou;não;não;não;não;sim;sim;NAO;nao
178923;ZecaCavalcanti;Zeca Cavalcanti;ptb;PE;sim;sim;sim;sim;sim;sim;sim;sim;não;sim;sim;sim;não votou;sim;sim;sim;não;não votou;sim;NAO;nao
160592;ZecaDirceu;Zeca Dirceu;pt;PR;não;não votou;sim;não;não;não;não;não;não;não;não;não;sim;sim;sim;sim;não;sim;não;NAO;nao
178889;ZeCarlos;Zé Carlos;pt;MA;não votou;sim;não;não;não;não;não;não;não;não;não;sim;sim;não votou;não votou;sim;não;sim;não;NAO;nao
73931;ZeGeraldo;Zé Geraldo;pt;PA;não;não votou;sim;não;não;não;não;não;não;não;não;sim;sim;sim;sim;sim;não;sim;não;NAO;nao
178949;ZenaideMaia;Zenaide Maia;pr;RN;não;sim;sim;sim;não;não;sim;sim;abstenção;não;não;sim;sim;sim;sim;sim;não;sim;sim;NAO;nao
160632;ZeSilva;Zé Silva;solidaried;MG;sim;sim;sim;sim;sim;sim;sim;sim;sim;sim;sim;sim;sim;não;não;sim;não;sim;sim;SIM;nao
178957;AbelMesquitaJr;NA;pdt;RR;não;não;não votou;sim;não;sim;sim;sim;sim;não;sim;sim;sim;não;não;sim;não;sim;sim;SIM;nao
133374;AdemirCamilo;NA;pros;MG;sim;sim;sim;sim;sim;sim;não;não;não;sim;sim;sim;não;não votou;não;sim;não;sim;sim;NA;nao
133439;AndreFigueiredo;NA;pdt;CE;não votou;não votou;sim;sim;não;não;não;não;sim;não;não votou;sim;sim;não;não;não votou;não votou;sim;não votou;NA;nao
74213;AntonioBalhmann;NA;pros;CE;não votou;não votou;não votou;não votou;sim;sim;7 não;sim;sim;não;não votou;sim;não;sim;sim;não votou;não votou;sim;não votou;SIM;nao
73584;AntonioCarlosMendesThame;NA;psdb;SP;sim;sim;sim;sim;não votou;não votou;sim;sim;não votou;não;não votou;sim;sim;não votou;não;não;não;sim;não;NA;nao
105112;CabucuBorges;NA;pmdb;AP;sim;não votou;sim;sim;não votou;sim;sim;sim;sim;sim;sim;sim;não votou;sim;sim;sim;sim;não votou;sim;SIM;nao
74474;CarlosEduardoCadoca;NA;pcdob;PE;não;não;sim;não;não;não;não;não;sim;sim;não;sim;sim;sim;sim;não;sim;não votou;não;NA;nao
73568;CelsoJacob;NA;pmdb;RJ;sim;sim;sim;sim;sim;sim;sim;sim;sim;sim;sim;sim;sim;sim;sim;não votou;não votou;sim;não votou;NA;nao
141439;ChicoDAngelo;NA;pt;RJ;não;sim;sim;não;não;não;não;não;não;não;não;sim;sim;sim;sim;sim;não;sim;não;NAO;nao
178848;ConceicaoSampaio;NA;pp;AM;não;sim;não;abstção;não;não;sim;não;sim;sim;sim;sim;sim;não;não;sim;sim;sim;sim;SIM;nao
185500;DeoclidesMacedo;NA;pdt;MA;não votou;não votou;não votou;não votou;não votou;6 não votou;7 não votou;não votou;sim;não votou;não votou;não votou;não votou;não votou;não votu;não votou;não votou;não votou;não votou;NA;nao
178940;DrJoao;NA;pr;RJ;sim;sim;não;sim;sim;sim;sim;sim;sim;não;sim;sim;abstenção;sim;sim;sim;não;sim;não;SIM;nao
160643;DrJorgeSilva;NA;pros;ES;não;sim;sim;sim;não;sim;não;não;sim;não;sim;sim;não;sim;sim;sim;não;sim;sim;SIM;nao
178830;DrSinvalMalheiros;NA;pv;SP;sim;sim;não votou;sim;não;sim;sim;não;não votou;não;não;sim;sim;não;não;não votou;não votou;sim;não votou;SIM;nao
73793;EdinhoBez;NA;pmdb;SC;sim;não;sim;sim;sim;sim;sim;abstção;sim;sim;sim;sim;não;abstenção;sim;sim;sim;sim;não votou;NA;nao
160578;EdmarArruda;NA;psc;PR;não votou;sim;não;sim;sim;sim;sim;não;não votou;sim;não votou;sim;não votou;não;sim;sim;sim;não votou;sim;NA;sim
178904;EzequielFonseca;NA;pp;MT;não;sim;sim;sim;sim;sim;sim;sim;sim;sim;sim;sim;sim;sim;sim;sim;não;sim;sim;SIM;nao
146829;FabianoHorta;NA;pt;RJ;não votou;não votou;não votou;não votou;não votou;6 não votou;7 não votou;não votou;não;não votou;não;não votou;não votou;sim;sim;não votou;não votou;não votou;não votou;NA;nao
190149;FabricioOliveira;NA;psb;SC;não;sim;sim;sim;não votou;não votou;não votou;não votou;não votou;não votou;não votou;não votou;não votou;não votou;não votou;não votou;não votou;não votou;não votou;NA;nao
160666;FelixMendoncaJunior;NA;pdt;BA;sim;sim;sim;sim;não;não;não;não;sim;não;sim;sim;sim;não;não;sim;não;sim;sim;NAO;nao
73481;FernandoMarroni;NA;pt;RS;não votou;sim;sim;não;não;não;não;não;não;não;não;sim;sim;sim;sim;sim;não;sim;não;NA;nao
92699;FernandoMonteiro;NA;pp;PE;sim;sim;sim;não;sim;sim;sim;sim;sim;sim;sim;sim;não votou;não votou;sim;sim;não votou;sim;sim;NA;nao
191923;FlavioNogueira;NA;pdt;PI;sim;não votou;não votou;não votou;não votou;6 não votou;7 não votou;não votou;não votou;não votou;não votou;não votou;não votou;não votou;não voto;não votou;não votou;não votou;não votou;NA;nao
178959;HiranGoncalves;NA;pmn;RR;sim;não votou;sim;sim;sim;sim;sim;não;sim;sim;sim;sim;sim;sim;sim;não;não;não;não;SIM;nao
131966;JoseFogaca;NA;pmdb;RS;sim;sim;sim;sim;não;não;não;não;sim;não;não;sim;não votou;não;não;não;não;sim;não;SIM;nao
151965;JoseMaiaFilho;NA;solidaried;PI;não votou;não votou;não votou;não votou;não;não;7 sim;sim;não votou;sim;não votou;sim;sim;não votou;não votou;sim;não votou;sim;sim;NA;nao
178851;JoziRocha;NA;ptb;AP;não votou;não votou;não votou;não;sim;sim;sim;sim;sim;sim;sim;sim;sim;sim;sim;sim;não;sim;sim;NAO;nao
178918;KaioManicoba;NA;phs;PE;sim;sim;sim;sim;não;sim;sim;sim;sim;sim;sim;sim;não;não votou;não;sim;não;sim;não;SIM;nao
141483;LindomarGarcon;NA;pmdb;RO;não votou;não;sim;não votou;abstção;sim;sim;sim;sim;sim;sim;sim;não votou;sim;sim;sim;sim;não votou;sim;SIM;nao
74277;LobbeNeto;NA;psdb;SP;sim;sim;sim;sim;sim;sim;não votou;não votou;sim;não votou;não votou;não votou;sim;não;não;não;sim;sim;não;NA;nao
151965;Mainha;NA;solidaried;PI;não;não votou;sim;sim;não votou;não votou;7 não votou;não votou;não votou;não votou;não votou;não votou;não votou;não votou;não votou;não votou;não votou;não votou;não votou;NA;nao
160660;MarceloAguiar;NA;dem;SP;sim;sim;não;sim;sim;sim;sim;sim;não votou;sim;sim;sim;abstenção;sim;sim;sim;sim;sim;não;NA;sim
178858;MarioNegromonteJr;NA;pp;BA;sim;não votou;sim;sim;sim;sim;sim;sim;sim;sim;sim;não votou;sim;sim;sim;sim;não;sim;sim;ABST;nao
181315;MarquinhoMendes;NA;pmdb;RJ;sim;não votou;sim;sim;sim;sim;sim;sim;sim;sim;sim;sim;sim;sim;sim;sim;sim;sim;sim;NA;nao
74428;MendoncaFilho;NA;dem;PE;sim;sim;não votou;sim;sim;sim;sim;sim;não votou;sim;sim;não;não votou;não;não;não;sim;sim;não;SIM;nao
188097;MerlongSolano;NA;pt;PI;não votou;não votou;não votou;não votou;não votou;6 não votou;7 não votou;não votou;não;não votou;abstenção;não votou;não votou;não votou;sim;não votou;não votou;não votou;não votou;NA;nao
NA;nao;NA;não votou;não votou;;;;;;;;;;não votou;não votou;6 não votou;7 não votou;não votou;não votou;;;;;NA;nao
180545;OsmarBertoldi;NA;dem;PR;não votou;não votou;não votou;não votou;não votou;6 não votou;7 não votou;não votou;sim;não votou;sim;não votou;não votou;não;não;não votou;não votou;não votou;não votou;NA;nao
186775;PastorFranklin;NA;ptdob;MG;sim;sim;sim;sim;sim;sim;sim;não;sim;não;sim;sim;não;sim;não;sim;não;não votou;não;NA;nao
141516;PauloAbiAckel;NA;psdb;MG;sim;sim;sim;não votou;sim;sim;sim;sim;sim;sim;sim;sim;não;não;não;sim;não;sim;não;SIM;nao
80920;Penna;NA;pv;SP;não votou;não votou;sim;não;sim;não;sim;não;não votou;não;não votou;sim;sim;não votou;não votou;sim;sim;sim;não;NA;nao
160601;PrMarcoFeliciano;NA;psc;SP;sim;não votou;não;sim;sim;sim;sim;não;não;sim;sim;sim;sim;não votou;não votou;não;sim;sim;sim;SIM;nao
160639;ProfessoraDorinhaSeabraRezende;NA;dem;TO;sim;não votou;sim;sim;não;não;sim;não;não;não;sim;sim;sim;não;não;sim;sim;im;sim;SIM;nao
74048;RaulJungmann;NA;pps;PE;não votou;não votou;sim;sim;não;não;não;não votou;sim;não votou;não;não;não votou;não;não;não;não;não votou;não;NA;nao
73805;RobertoFreire;NA;pps;SP;não votou;sim;sim;sim;não;não;não;não;sim;não;sim;sim;sim;não votou;não;não;não;abstenção;não;NA;nao
160651;RogerioPeninhaMendonca;NA;pmdb;SC;sim;não;sim;sim;sim;sim;sim;sim;sim;sim;sim;sim;não;sim;sim;sim;não;sim;sim;SIM;nao
191684;RosangelaCurado;NA;pdt;MA;;;;;;;;;;não votou;não votou;não votou;não votou;não votou;não votou;não votou;não votou;não votou;não votou;NA;nao
178935;Rossoni;NA;psdb;PR;sim;sim;sim;sim;sim;sim;sim;sim;sim;sim;sim;sim;sim;não;não;sim;não;sim;sim;NA;nao
74372;SandesJunior;NA;pp;GO;não votou;sim;sim;sim;sim;sim;sim;não;sim;sim;sim;sim;sim;sim;não;sim;sim;sim;sim;NA;nao
74765;SilasBrasileiro;NA;pmdb;MG;sim;sim;sim;sim;não votou;sim;não votou;não votou;sim;não votou;sim;não votou;não;não votou;não votou;sim;sim;sim;sim;NA;nao
187008;SilasFreire;NA;pr;PI;não;sim;sim;sim;sim;sim;não;sim;não;não;não;sim;sim;sim;sim;sim;não;sim;não;NA;nao
NA;sim;NA;não;não votou;;;;;;;;;;não votou;não votou;não votou;7 não votou;não votou;não votou;;;;;NA;nao
NA;sim;NA;não votou;não votou;;;;;;;;;;não votou;não votou;6 não votou;7 não votou;não votou;não votou;;;;;NA;nao
73424;SimaoSessim;NA;pp;RJ;sim;não votou;não votou;não votou;sim;sim;7 não votou;não votou;sim;não votou;sim;não votou;não votou;sim;sim;não votou;não votou;não votou;não votou;SIM;nao
160610;ValmirAssuncao;NA;pt;BA;não;sim;sim;não;não;não;não;não;não;não;não;sim;sim;sim;sim;sim;não;sim;não;NA;nao
137853;WadsonRibeiro;NA;pcdob;MG;não;não;sim;não;não;não;não;não;não;sim;não;sim;sim;sim;sim;não;não;sim;não;NA;nao
160631;WalneyRocha;NA;ptb;RJ;sim;não;não;sim;sim;sim;sim;sim;sim;sim;sim;sim;não;não;não;sim;não;sim;sim;NA;sim
141560;WalterIhoshi;NA;psd;SP;não votou;sim;abstção;sim;sim;sim;sim;sim;sim;não;sim;sim;não;sim;sim;não;não;sim;não;NA;nao
141563;WilliamWoo;NA;pv;SP;não votou;não votou;não votou;não votou;não votou;6 não votou;7 não votou;não votou;sim;não votou;não;não votou;não votou;sim;não;não votou;não votou;não votou;não votou;NA;nao
178902;ZecadoPt;NA;pt;MS;não;sim;sim;não;não votou;não votou;não;não;não;não;não;sim;não votou;sim;sim;sim;não;não votou;sim;NAO;nao
