ID,MATRICULA,COD_CURSO,CURSO,PERIODO,CODIGO,DISCIPLINA,CREDITOS,DEPARTAMENTO,MEDIA,SITUACAO,PERIODO_INGRESSO,PERIODO_RELATIVO
15023,312708064,14123100,ENGENHARIA ELETRICA,2014.1,1108098,MECANICA GERAL I,4,UNID. ACAD. DE FISICA,0,Reprovado por Falta,2012.1,5
15025,312708064,14123100,ENGENHARIA ELETRICA,2014.1,1404142,LAB. ELETROMAGNETISMO,1,UNID. ACAD. DE ENGENHARIA ELETRICA,5,Aprovado,2012.1,5
15026,312708064,14123100,ENGENHARIA ELETRICA,2014.1,1109049,ALGEBRA LINEAR I,4,UNID. ACAD. DE MATEMATICA,0,Reprovado por Falta,2012.1,5
15029,312708064,14123100,ENGENHARIA ELETRICA,2014.1,1114107,PROBABILIDADE E ESTATISTICA,4,UNID. ACAD. DE ESTATISTICA,0,Reprovado por Falta,2012.1,5
15031,312708064,14123100,ENGENHARIA ELETRICA,2014.1,1404141,ELETROMAGNETISMO,4,UNID. ACAD. DE ENGENHARIA ELETRICA,0,Reprovado por Falta,2012.1,5
15036,75244292,14123100,ENGENHARIA ELETRICA,2014.1,1404141,ELETROMAGNETISMO,4,UNID. ACAD. DE ENGENHARIA ELETRICA,7.1,Aprovado,2012.1,5
15041,75244292,14123100,ENGENHARIA ELETRICA,2014.1,1301014,ADMINISTRACAO,4,UNID. ACAD. DE ADMINISTRACAO E CONTABILIDADE,9.2,Aprovado,2012.1,5
15042,75244292,14123100,ENGENHARIA ELETRICA,2014.1,1305036,INSTITUICOES DO DIREITO,3,UNID. ACAD. DE SOCIOLOGIA E ANTROPOLOGIA,7.3,Aprovado,2012.1,5
15043,75244292,14123100,ENGENHARIA ELETRICA,2014.1,1106058,INTRODUCAO A CIENCIA DOS MATERIAIS,4,UNID. ACAD. DE ENGENHARIA DE MATERIAIS,10,Aprovado,2012.1,5
15044,75244292,14123100,ENGENHARIA ELETRICA,2014.1,1404137,CIRCUITOS ELETRICOS I,4,UNID. ACAD. DE ENGENHARIA ELETRICA,6,Aprovado,2012.1,5
15049,837780520,14123100,ENGENHARIA ELETRICA,2014.1,1404139,LAB. CIRCUITOS ELETRICOS I,1,UNID. ACAD. DE ENGENHARIA ELETRICA,7.7,Aprovado,2012.1,5
15050,837780520,14123100,ENGENHARIA ELETRICA,2014.1,1404142,LAB. ELETROMAGNETISMO,1,UNID. ACAD. DE ENGENHARIA ELETRICA,7,Aprovado,2012.1,5
15051,837780520,14123100,ENGENHARIA ELETRICA,2014.1,1404163,CIRCUITOS LOGICOS,4,UNID. ACAD. DE ENGENHARIA ELETRICA,8,Aprovado,2012.1,5
15053,837780520,14123100,ENGENHARIA ELETRICA,2014.1,1503034,FENOMENOS DE TRANSPORTE,5,UNID. ACAD. DE ENGENHARIA CIVIL,6.6,Aprovado,2012.1,5
15054,837780520,14123100,ENGENHARIA ELETRICA,2014.1,1109106,EQUACOES DIFERENCIAIS,4,UNID. ACAD. DE MATEMATICA,6,Aprovado,2012.1,5
15056,837780520,14123100,ENGENHARIA ELETRICA,2014.1,1114109,PROCESSOS ESTOCASTICOS,4,UNID. ACAD. DE ESTATISTICA,0,Reprovado por Falta,2012.1,5
15059,837780520,14123100,ENGENHARIA ELETRICA,2014.1,1109108,VARIAVEIS COMPLEXAS,4,UNID. ACAD. DE MATEMATICA,3.2,Reprovado,2012.1,5
15060,837780520,14123100,ENGENHARIA ELETRICA,2014.1,1404137,CIRCUITOS ELETRICOS I,4,UNID. ACAD. DE ENGENHARIA ELETRICA,0,Reprovado por Falta,2012.1,5
15062,837780520,14123100,ENGENHARIA ELETRICA,2014.1,1411075,CALCULO NUMERICO,4,UNID. ACAD. DE SISTEMAS E COMPUTACAO,5.5,Aprovado,2012.1,5
15063,175534114,14123100,ENGENHARIA ELETRICA,2014.1,1411161,TECNICAS DE PROGRAMACAO,4,UNID. ACAD. DE SISTEMAS E COMPUTACAO,7.9,Aprovado,2012.1,5
15064,175534114,14123100,ENGENHARIA ELETRICA,2014.1,1109049,ALGEBRA LINEAR I,4,UNID. ACAD. DE MATEMATICA,7,Aprovado,2012.1,5
15067,175534114,14123100,ENGENHARIA ELETRICA,2014.1,1109105,CALCULO DIFERENCIAL E INTEGRAL III,5,UNID. ACAD. DE MATEMATICA,0,Reprovado por Falta,2012.1,5
15073,175534114,14123100,ENGENHARIA ELETRICA,2014.1,1108023,FISICA EXPERIMENTAL I,4,UNID. ACAD. DE FISICA,7.8,Aprovado,2012.1,5
15074,651691824,14123100,ENGENHARIA ELETRICA,2014.1,1404138,CIRCUITOS ELETRICOS II,4,UNID. ACAD. DE ENGENHARIA ELETRICA,8.3,Aprovado,2012.1,5
15075,651691824,14123100,ENGENHARIA ELETRICA,2014.1,1114109,PROCESSOS ESTOCASTICOS,4,UNID. ACAD. DE ESTATISTICA,8.9,Aprovado,2012.1,5
15078,651691824,14123100,ENGENHARIA ELETRICA,2014.1,1404144,DISPOSITIVOS ELETRONICOS,4,UNID. ACAD. DE ENGENHARIA ELETRICA,7.5,Aprovado,2012.1,5
15081,651691824,14123100,ENGENHARIA ELETRICA,2014.1,1404160,ANALISE DE SINAIS E SISTEMAS,4,UNID. ACAD. DE ENGENHARIA ELETRICA,8.5,Aprovado,2012.1,5
15083,651691824,14123100,ENGENHARIA ELETRICA,2014.1,1404143,ONDAS E LINHAS,4,UNID. ACAD. DE ENGENHARIA ELETRICA,8,Aprovado,2012.1,5
15086,651691824,14123100,ENGENHARIA ELETRICA,2014.1,1404140,LAB. CIRCUITOS ELETRICOS II,1,UNID. ACAD. DE ENGENHARIA ELETRICA,9,Aprovado,2012.1,5
15087,651691824,14123100,ENGENHARIA ELETRICA,2014.1,1404147,LAB. DISPOSITIVOS ELETRONICOS,1,UNID. ACAD. DE ENGENHARIA ELETRICA,8.8,Aprovado,2012.1,5
15088,651691824,14123100,ENGENHARIA ELETRICA,2014.1,1106058,INTRODUCAO A CIENCIA DOS MATERIAIS,4,UNID. ACAD. DE ENGENHARIA DE MATERIAIS,9.8,Aprovado,2012.1,5
15089,414228051,14123100,ENGENHARIA ELETRICA,2014.1,1404137,CIRCUITOS ELETRICOS I,4,UNID. ACAD. DE ENGENHARIA ELETRICA,7.3,Aprovado,2012.1,5
15090,414228051,14123100,ENGENHARIA ELETRICA,2014.1,1305036,INSTITUICOES DO DIREITO,3,UNID. ACAD. DE SOCIOLOGIA E ANTROPOLOGIA,7.6,Aprovado,2012.1,5
15091,414228051,14123100,ENGENHARIA ELETRICA,2014.1,1106058,INTRODUCAO A CIENCIA DOS MATERIAIS,4,UNID. ACAD. DE ENGENHARIA DE MATERIAIS,10,Aprovado,2012.1,5
15093,414228051,14123100,ENGENHARIA ELETRICA,2014.1,1404164,LAB. CIRCUITOS LOGICOS,1,UNID. ACAD. DE ENGENHARIA ELETRICA,7.3,Aprovado,2012.1,5
15098,414228051,14123100,ENGENHARIA ELETRICA,2014.1,1114107,PROBABILIDADE E ESTATISTICA,4,UNID. ACAD. DE ESTATISTICA,7,Aprovado,2012.1,5
15100,414228051,14123100,ENGENHARIA ELETRICA,2014.1,1404163,CIRCUITOS LOGICOS,4,UNID. ACAD. DE ENGENHARIA ELETRICA,7.8,Aprovado,2012.1,5
15104,176764279,14123100,ENGENHARIA ELETRICA,2014.1,1404137,CIRCUITOS ELETRICOS I,4,UNID. ACAD. DE ENGENHARIA ELETRICA,9.4,Aprovado,2012.1,5
15108,176764279,14123100,ENGENHARIA ELETRICA,2014.1,1114109,PROCESSOS ESTOCASTICOS,4,UNID. ACAD. DE ESTATISTICA,7.5,Aprovado,2012.1,5
15109,176764279,14123100,ENGENHARIA ELETRICA,2014.1,1106058,INTRODUCAO A CIENCIA DOS MATERIAIS,4,UNID. ACAD. DE ENGENHARIA DE MATERIAIS,9.9,Aprovado,2012.1,5
15112,176764279,14123100,ENGENHARIA ELETRICA,2014.1,1404143,ONDAS E LINHAS,4,UNID. ACAD. DE ENGENHARIA ELETRICA,5.7,Aprovado,2012.1,5
15113,176764279,14123100,ENGENHARIA ELETRICA,2014.1,1404160,ANALISE DE SINAIS E SISTEMAS,4,UNID. ACAD. DE ENGENHARIA ELETRICA,6.6,Aprovado,2012.1,5
15114,176764279,14123100,ENGENHARIA ELETRICA,2014.1,1303021,ECONOMIA,4,UNID. ACAD. DE ECONOMIA E FINANCAS,8.3,Aprovado,2012.1,5
15122,701836735,14123100,ENGENHARIA ELETRICA,2014.1,1114109,PROCESSOS ESTOCASTICOS,4,UNID. ACAD. DE ESTATISTICA,7.1,Aprovado,2012.1,5
15123,701836735,14123100,ENGENHARIA ELETRICA,2014.1,1404144,DISPOSITIVOS ELETRONICOS,4,UNID. ACAD. DE ENGENHARIA ELETRICA,7.2,Aprovado,2012.1,5
15125,701836735,14123100,ENGENHARIA ELETRICA,2014.1,1404147,LAB. DISPOSITIVOS ELETRONICOS,1,UNID. ACAD. DE ENGENHARIA ELETRICA,7.9,Aprovado,2012.1,5
15129,701836735,14123100,ENGENHARIA ELETRICA,2014.1,1404160,ANALISE DE SINAIS E SISTEMAS,4,UNID. ACAD. DE ENGENHARIA ELETRICA,7.5,Aprovado,2012.1,5
15130,701836735,14123100,ENGENHARIA ELETRICA,2014.1,1404140,LAB. CIRCUITOS ELETRICOS II,1,UNID. ACAD. DE ENGENHARIA ELETRICA,7,Aprovado,2012.1,5
15133,701836735,14123100,ENGENHARIA ELETRICA,2014.1,1108029,MECANICA GERAL II,4,UNID. ACAD. DE FISICA,8.4,Aprovado,2012.1,5
15135,701836735,14123100,ENGENHARIA ELETRICA,2014.1,1404138,CIRCUITOS ELETRICOS II,4,UNID. ACAD. DE ENGENHARIA ELETRICA,6,Aprovado,2012.1,5
15137,989445418,14123100,ENGENHARIA ELETRICA,2014.1,1404144,DISPOSITIVOS ELETRONICOS,4,UNID. ACAD. DE ENGENHARIA ELETRICA,7.8,Aprovado,2012.1,5
15138,989445418,14123100,ENGENHARIA ELETRICA,2014.1,1404143,ONDAS E LINHAS,4,UNID. ACAD. DE ENGENHARIA ELETRICA,8.9,Aprovado,2012.1,5
15139,989445418,14123100,ENGENHARIA ELETRICA,2014.1,1404160,ANALISE DE SINAIS E SISTEMAS,4,UNID. ACAD. DE ENGENHARIA ELETRICA,8.1,Aprovado,2012.1,5
15140,989445418,14123100,ENGENHARIA ELETRICA,2014.1,1404138,CIRCUITOS ELETRICOS II,4,UNID. ACAD. DE ENGENHARIA ELETRICA,9.8,Aprovado,2012.1,5
15145,989445418,14123100,ENGENHARIA ELETRICA,2014.1,1404147,LAB. DISPOSITIVOS ELETRONICOS,1,UNID. ACAD. DE ENGENHARIA ELETRICA,9.5,Aprovado,2012.1,5
15146,989445418,14123100,ENGENHARIA ELETRICA,2014.1,1114109,PROCESSOS ESTOCASTICOS,4,UNID. ACAD. DE ESTATISTICA,9.7,Aprovado,2012.1,5
15148,989445418,14123100,ENGENHARIA ELETRICA,2014.1,1106058,INTRODUCAO A CIENCIA DOS MATERIAIS,4,UNID. ACAD. DE ENGENHARIA DE MATERIAIS,10,Aprovado,2012.1,5
15149,989445418,14123100,ENGENHARIA ELETRICA,2014.1,1404140,LAB. CIRCUITOS ELETRICOS II,1,UNID. ACAD. DE ENGENHARIA ELETRICA,8.7,Aprovado,2012.1,5
15187,664952591,14123100,ENGENHARIA ELETRICA,2014.1,1404160,ANALISE DE SINAIS E SISTEMAS,4,UNID. ACAD. DE ENGENHARIA ELETRICA,7.8,Aprovado,2012.1,5
15188,664952591,14123100,ENGENHARIA ELETRICA,2014.1,1404144,DISPOSITIVOS ELETRONICOS,4,UNID. ACAD. DE ENGENHARIA ELETRICA,8.2,Aprovado,2012.1,5
15190,664952591,14123100,ENGENHARIA ELETRICA,2014.1,1404143,ONDAS E LINHAS,4,UNID. ACAD. DE ENGENHARIA ELETRICA,7.4,Aprovado,2012.1,5
15192,664952591,14123100,ENGENHARIA ELETRICA,2014.1,1106058,INTRODUCAO A CIENCIA DOS MATERIAIS,4,UNID. ACAD. DE ENGENHARIA DE MATERIAIS,9.5,Aprovado,2012.1,5
15194,664952591,14123100,ENGENHARIA ELETRICA,2014.1,1114109,PROCESSOS ESTOCASTICOS,4,UNID. ACAD. DE ESTATISTICA,8.2,Aprovado,2012.1,5
15196,664952591,14123100,ENGENHARIA ELETRICA,2014.1,1404140,LAB. CIRCUITOS ELETRICOS II,1,UNID. ACAD. DE ENGENHARIA ELETRICA,9,Aprovado,2012.1,5
15197,664952591,14123100,ENGENHARIA ELETRICA,2014.1,1404147,LAB. DISPOSITIVOS ELETRONICOS,1,UNID. ACAD. DE ENGENHARIA ELETRICA,8.8,Aprovado,2012.1,5
15200,664952591,14123100,ENGENHARIA ELETRICA,2014.1,1404138,CIRCUITOS ELETRICOS II,4,UNID. ACAD. DE ENGENHARIA ELETRICA,7,Aprovado,2012.1,5
15201,952561274,14123100,ENGENHARIA ELETRICA,2014.1,1404143,ONDAS E LINHAS,4,UNID. ACAD. DE ENGENHARIA ELETRICA,NA,Trancado,2012.1,5
15204,952561274,14123100,ENGENHARIA ELETRICA,2014.1,1404144,DISPOSITIVOS ELETRONICOS,4,UNID. ACAD. DE ENGENHARIA ELETRICA,7,Aprovado,2012.1,5
15205,952561274,14123100,ENGENHARIA ELETRICA,2014.1,1404160,ANALISE DE SINAIS E SISTEMAS,4,UNID. ACAD. DE ENGENHARIA ELETRICA,5.8,Aprovado,2012.1,5
15206,952561274,14123100,ENGENHARIA ELETRICA,2014.1,1404138,CIRCUITOS ELETRICOS II,4,UNID. ACAD. DE ENGENHARIA ELETRICA,6.3,Aprovado,2012.1,5
15207,952561274,14123100,ENGENHARIA ELETRICA,2014.1,1404140,LAB. CIRCUITOS ELETRICOS II,1,UNID. ACAD. DE ENGENHARIA ELETRICA,5.2,Aprovado,2012.1,5
15210,952561274,14123100,ENGENHARIA ELETRICA,2014.1,1114109,PROCESSOS ESTOCASTICOS,4,UNID. ACAD. DE ESTATISTICA,6.8,Aprovado,2012.1,5
15212,952561274,14123100,ENGENHARIA ELETRICA,2014.1,1404147,LAB. DISPOSITIVOS ELETRONICOS,1,UNID. ACAD. DE ENGENHARIA ELETRICA,7.9,Aprovado,2012.1,5
15216,477633729,14123100,ENGENHARIA ELETRICA,2014.1,1404142,LAB. ELETROMAGNETISMO,1,UNID. ACAD. DE ENGENHARIA ELETRICA,7.1,Aprovado,2012.1,5
15219,477633729,14123100,ENGENHARIA ELETRICA,2014.1,1404141,ELETROMAGNETISMO,4,UNID. ACAD. DE ENGENHARIA ELETRICA,0,Reprovado por Falta,2012.1,5
15220,477633729,14123100,ENGENHARIA ELETRICA,2014.1,1109108,VARIAVEIS COMPLEXAS,4,UNID. ACAD. DE MATEMATICA,5,Aprovado,2012.1,5
15221,477633729,14123100,ENGENHARIA ELETRICA,2014.1,1108029,MECANICA GERAL II,4,UNID. ACAD. DE FISICA,5,Aprovado,2012.1,5
15223,477633729,14123100,ENGENHARIA ELETRICA,2014.1,1404139,LAB. CIRCUITOS ELETRICOS I,1,UNID. ACAD. DE ENGENHARIA ELETRICA,7.2,Aprovado,2012.1,5
15224,477633729,14123100,ENGENHARIA ELETRICA,2014.1,1411075,CALCULO NUMERICO,4,UNID. ACAD. DE SISTEMAS E COMPUTACAO,5.3,Aprovado,2012.1,5
15227,477633729,14123100,ENGENHARIA ELETRICA,2014.1,1404137,CIRCUITOS ELETRICOS I,4,UNID. ACAD. DE ENGENHARIA ELETRICA,4.3,Reprovado,2012.1,5
15229,52851095,14123100,ENGENHARIA ELETRICA,2014.1,1404144,DISPOSITIVOS ELETRONICOS,4,UNID. ACAD. DE ENGENHARIA ELETRICA,6.2,Aprovado,2012.1,5
15231,52851095,14123100,ENGENHARIA ELETRICA,2014.1,1404140,LAB. CIRCUITOS ELETRICOS II,1,UNID. ACAD. DE ENGENHARIA ELETRICA,6.9,Aprovado,2012.1,5
15233,52851095,14123100,ENGENHARIA ELETRICA,2014.1,1404138,CIRCUITOS ELETRICOS II,4,UNID. ACAD. DE ENGENHARIA ELETRICA,8.8,Aprovado,2012.1,5
15234,52851095,14123100,ENGENHARIA ELETRICA,2014.1,1404160,ANALISE DE SINAIS E SISTEMAS,4,UNID. ACAD. DE ENGENHARIA ELETRICA,5.3,Aprovado,2012.1,5
15237,52851095,14123100,ENGENHARIA ELETRICA,2014.1,1404143,ONDAS E LINHAS,4,UNID. ACAD. DE ENGENHARIA ELETRICA,5.5,Aprovado,2012.1,5
15239,52851095,14123100,ENGENHARIA ELETRICA,2014.1,1404147,LAB. DISPOSITIVOS ELETRONICOS,1,UNID. ACAD. DE ENGENHARIA ELETRICA,9.3,Aprovado,2012.1,5
15240,52851095,14123100,ENGENHARIA ELETRICA,2014.1,1114109,PROCESSOS ESTOCASTICOS,4,UNID. ACAD. DE ESTATISTICA,7.1,Aprovado,2012.1,5
15241,52851095,14123100,ENGENHARIA ELETRICA,2014.1,1106058,INTRODUCAO A CIENCIA DOS MATERIAIS,4,UNID. ACAD. DE ENGENHARIA DE MATERIAIS,9.6,Aprovado,2012.1,5
15244,865532234,14123100,ENGENHARIA ELETRICA,2014.1,1404140,LAB. CIRCUITOS ELETRICOS II,1,UNID. ACAD. DE ENGENHARIA ELETRICA,5.7,Aprovado,2012.1,5
15245,865532234,14123100,ENGENHARIA ELETRICA,2014.1,1404144,DISPOSITIVOS ELETRONICOS,4,UNID. ACAD. DE ENGENHARIA ELETRICA,5.4,Aprovado,2012.1,5
15249,865532234,14123100,ENGENHARIA ELETRICA,2014.1,1404147,LAB. DISPOSITIVOS ELETRONICOS,1,UNID. ACAD. DE ENGENHARIA ELETRICA,9.2,Aprovado,2012.1,5
15253,865532234,14123100,ENGENHARIA ELETRICA,2014.1,1106058,INTRODUCAO A CIENCIA DOS MATERIAIS,4,UNID. ACAD. DE ENGENHARIA DE MATERIAIS,9.9,Aprovado,2012.1,5
15254,865532234,14123100,ENGENHARIA ELETRICA,2014.1,1404143,ONDAS E LINHAS,4,UNID. ACAD. DE ENGENHARIA ELETRICA,7.9,Aprovado,2012.1,5
15255,865532234,14123100,ENGENHARIA ELETRICA,2014.1,1114109,PROCESSOS ESTOCASTICOS,4,UNID. ACAD. DE ESTATISTICA,6,Aprovado,2012.1,5
15256,865532234,14123100,ENGENHARIA ELETRICA,2014.1,1404137,CIRCUITOS ELETRICOS I,4,UNID. ACAD. DE ENGENHARIA ELETRICA,6.4,Aprovado,2012.1,5
15257,865532234,14123100,ENGENHARIA ELETRICA,2014.1,1404138,CIRCUITOS ELETRICOS II,4,UNID. ACAD. DE ENGENHARIA ELETRICA,7.1,Aprovado,2012.1,5
15259,865532234,14123100,ENGENHARIA ELETRICA,2014.1,1404160,ANALISE DE SINAIS E SISTEMAS,4,UNID. ACAD. DE ENGENHARIA ELETRICA,2.3,Reprovado,2012.1,5
15264,915677145,14123100,ENGENHARIA ELETRICA,2014.1,1404138,CIRCUITOS ELETRICOS II,4,UNID. ACAD. DE ENGENHARIA ELETRICA,8.8,Aprovado,2012.1,5
15266,915677145,14123100,ENGENHARIA ELETRICA,2014.1,1404140,LAB. CIRCUITOS ELETRICOS II,1,UNID. ACAD. DE ENGENHARIA ELETRICA,6.7,Aprovado,2012.1,5
15267,915677145,14123100,ENGENHARIA ELETRICA,2014.1,1114109,PROCESSOS ESTOCASTICOS,4,UNID. ACAD. DE ESTATISTICA,9.2,Aprovado,2012.1,5
15268,915677145,14123100,ENGENHARIA ELETRICA,2014.1,1404144,DISPOSITIVOS ELETRONICOS,4,UNID. ACAD. DE ENGENHARIA ELETRICA,6.6,Aprovado,2012.1,5
15269,915677145,14123100,ENGENHARIA ELETRICA,2014.1,1404143,ONDAS E LINHAS,4,UNID. ACAD. DE ENGENHARIA ELETRICA,7.5,Aprovado,2012.1,5
15271,915677145,14123100,ENGENHARIA ELETRICA,2014.1,1106058,INTRODUCAO A CIENCIA DOS MATERIAIS,4,UNID. ACAD. DE ENGENHARIA DE MATERIAIS,10,Aprovado,2012.1,5
15272,915677145,14123100,ENGENHARIA ELETRICA,2014.1,1404160,ANALISE DE SINAIS E SISTEMAS,4,UNID. ACAD. DE ENGENHARIA ELETRICA,7.5,Aprovado,2012.1,5
15274,915677145,14123100,ENGENHARIA ELETRICA,2014.1,1404147,LAB. DISPOSITIVOS ELETRONICOS,1,UNID. ACAD. DE ENGENHARIA ELETRICA,9.4,Aprovado,2012.1,5
15284,303575649,14123100,ENGENHARIA ELETRICA,2014.1,1114107,PROBABILIDADE E ESTATISTICA,4,UNID. ACAD. DE ESTATISTICA,7,Aprovado,2012.1,5
15287,303575649,14123100,ENGENHARIA ELETRICA,2014.1,1108029,MECANICA GERAL II,4,UNID. ACAD. DE FISICA,5.9,Aprovado,2012.1,5
15288,303575649,14123100,ENGENHARIA ELETRICA,2014.1,1109108,VARIAVEIS COMPLEXAS,4,UNID. ACAD. DE MATEMATICA,5.4,Aprovado,2012.1,5
15291,303575649,14123100,ENGENHARIA ELETRICA,2014.1,1404139,LAB. CIRCUITOS ELETRICOS I,1,UNID. ACAD. DE ENGENHARIA ELETRICA,7.1,Aprovado,2012.1,5
15292,303575649,14123100,ENGENHARIA ELETRICA,2014.1,1404141,ELETROMAGNETISMO,4,UNID. ACAD. DE ENGENHARIA ELETRICA,5.3,Aprovado,2012.1,5
15294,303575649,14123100,ENGENHARIA ELETRICA,2014.1,1404137,CIRCUITOS ELETRICOS I,4,UNID. ACAD. DE ENGENHARIA ELETRICA,3,Reprovado,2012.1,5
15295,303575649,14123100,ENGENHARIA ELETRICA,2014.1,1404142,LAB. ELETROMAGNETISMO,1,UNID. ACAD. DE ENGENHARIA ELETRICA,7.8,Aprovado,2012.1,5
15296,303575649,14123100,ENGENHARIA ELETRICA,2014.1,1411075,CALCULO NUMERICO,4,UNID. ACAD. DE SISTEMAS E COMPUTACAO,7.1,Aprovado,2012.1,5
15300,828648105,14123100,ENGENHARIA ELETRICA,2014.1,1108084,LAB. DE OPTICA ELETRICIDADE E MAGNETISMO,4,UNID. ACAD. DE FISICA,5.2,Aprovado,2012.1,5
15301,828648105,14123100,ENGENHARIA ELETRICA,2014.1,1301018,ENGENHARIA ECONOMICA,4,UNID. ACAD. DE ADMINISTRACAO E CONTABILIDADE,7.8,Aprovado,2012.1,5
15302,828648105,14123100,ENGENHARIA ELETRICA,2014.1,1109106,EQUACOES DIFERENCIAIS,4,UNID. ACAD. DE MATEMATICA,6,Aprovado,2012.1,5
15303,828648105,14123100,ENGENHARIA ELETRICA,2014.1,1108083,ELETRICIDADE E MAGNETISMO,4,UNID. ACAD. DE FISICA,5.7,Aprovado,2012.1,5
15306,828648105,14123100,ENGENHARIA ELETRICA,2014.1,1108098,MECANICA GERAL I,4,UNID. ACAD. DE FISICA,0,Reprovado por Falta,2012.1,5
15309,828648105,14123100,ENGENHARIA ELETRICA,2014.1,1109105,CALCULO DIFERENCIAL E INTEGRAL III,5,UNID. ACAD. DE MATEMATICA,3.4,Reprovado,2012.1,5
15318,216546595,14123100,ENGENHARIA ELETRICA,2014.1,1404160,ANALISE DE SINAIS E SISTEMAS,4,UNID. ACAD. DE ENGENHARIA ELETRICA,7.9,Aprovado,2012.1,5
15319,216546595,14123100,ENGENHARIA ELETRICA,2014.1,1411075,CALCULO NUMERICO,4,UNID. ACAD. DE SISTEMAS E COMPUTACAO,9,Aprovado,2012.1,5
15322,216546595,14123100,ENGENHARIA ELETRICA,2014.1,1404147,LAB. DISPOSITIVOS ELETRONICOS,1,UNID. ACAD. DE ENGENHARIA ELETRICA,8.7,Aprovado,2012.1,5
15323,216546595,14123100,ENGENHARIA ELETRICA,2014.1,1404144,DISPOSITIVOS ELETRONICOS,4,UNID. ACAD. DE ENGENHARIA ELETRICA,9.2,Aprovado,2012.1,5
15327,216546595,14123100,ENGENHARIA ELETRICA,2014.1,1404140,LAB. CIRCUITOS ELETRICOS II,1,UNID. ACAD. DE ENGENHARIA ELETRICA,7.8,Aprovado,2012.1,5
15328,216546595,14123100,ENGENHARIA ELETRICA,2014.1,1404143,ONDAS E LINHAS,4,UNID. ACAD. DE ENGENHARIA ELETRICA,NA,Trancado,2012.1,5
15329,216546595,14123100,ENGENHARIA ELETRICA,2014.1,1404138,CIRCUITOS ELETRICOS II,4,UNID. ACAD. DE ENGENHARIA ELETRICA,8.8,Aprovado,2012.1,5
15330,216546595,14123100,ENGENHARIA ELETRICA,2014.1,1114109,PROCESSOS ESTOCASTICOS,4,UNID. ACAD. DE ESTATISTICA,7.6,Aprovado,2012.1,5
15338,504155278,14123100,ENGENHARIA ELETRICA,2014.1,1404140,LAB. CIRCUITOS ELETRICOS II,1,UNID. ACAD. DE ENGENHARIA ELETRICA,7.3,Aprovado,2012.1,5
15340,504155278,14123100,ENGENHARIA ELETRICA,2014.1,1108029,MECANICA GERAL II,4,UNID. ACAD. DE FISICA,9.9,Aprovado,2012.1,5
15343,504155278,14123100,ENGENHARIA ELETRICA,2014.1,1404160,ANALISE DE SINAIS E SISTEMAS,4,UNID. ACAD. DE ENGENHARIA ELETRICA,7.2,Aprovado,2012.1,5
15344,504155278,14123100,ENGENHARIA ELETRICA,2014.1,1404144,DISPOSITIVOS ELETRONICOS,4,UNID. ACAD. DE ENGENHARIA ELETRICA,8.3,Aprovado,2012.1,5
15345,504155278,14123100,ENGENHARIA ELETRICA,2014.1,1404138,CIRCUITOS ELETRICOS II,4,UNID. ACAD. DE ENGENHARIA ELETRICA,8.8,Aprovado,2012.1,5
15347,504155278,14123100,ENGENHARIA ELETRICA,2014.1,1404147,LAB. DISPOSITIVOS ELETRONICOS,1,UNID. ACAD. DE ENGENHARIA ELETRICA,9,Aprovado,2012.1,5
15349,504155278,14123100,ENGENHARIA ELETRICA,2014.1,1404143,ONDAS E LINHAS,4,UNID. ACAD. DE ENGENHARIA ELETRICA,9.4,Aprovado,2012.1,5
15352,266691505,14123100,ENGENHARIA ELETRICA,2014.1,1404140,LAB. CIRCUITOS ELETRICOS II,1,UNID. ACAD. DE ENGENHARIA ELETRICA,8.7,Aprovado,2012.1,5
15353,266691505,14123100,ENGENHARIA ELETRICA,2014.1,1404147,LAB. DISPOSITIVOS ELETRONICOS,1,UNID. ACAD. DE ENGENHARIA ELETRICA,8.4,Aprovado,2012.1,5
15358,266691505,14123100,ENGENHARIA ELETRICA,2014.1,1404160,ANALISE DE SINAIS E SISTEMAS,4,UNID. ACAD. DE ENGENHARIA ELETRICA,5.6,Aprovado,2012.1,5
15360,266691505,14123100,ENGENHARIA ELETRICA,2014.1,1404143,ONDAS E LINHAS,4,UNID. ACAD. DE ENGENHARIA ELETRICA,7.3,Aprovado,2012.1,5
15362,266691505,14123100,ENGENHARIA ELETRICA,2014.1,1404138,CIRCUITOS ELETRICOS II,4,UNID. ACAD. DE ENGENHARIA ELETRICA,7.2,Aprovado,2012.1,5
15363,266691505,14123100,ENGENHARIA ELETRICA,2014.1,1106058,INTRODUCAO A CIENCIA DOS MATERIAIS,4,UNID. ACAD. DE ENGENHARIA DE MATERIAIS,9.3,Aprovado,2012.1,5
15365,266691505,14123100,ENGENHARIA ELETRICA,2014.1,1404144,DISPOSITIVOS ELETRONICOS,4,UNID. ACAD. DE ENGENHARIA ELETRICA,9.2,Aprovado,2012.1,5
15366,29227733,14123100,ENGENHARIA ELETRICA,2014.1,1404160,ANALISE DE SINAIS E SISTEMAS,4,UNID. ACAD. DE ENGENHARIA ELETRICA,4,Reprovado,2012.1,5
15370,29227733,14123100,ENGENHARIA ELETRICA,2014.1,1114109,PROCESSOS ESTOCASTICOS,4,UNID. ACAD. DE ESTATISTICA,7,Aprovado,2012.1,5
15371,29227733,14123100,ENGENHARIA ELETRICA,2014.1,1404144,DISPOSITIVOS ELETRONICOS,4,UNID. ACAD. DE ENGENHARIA ELETRICA,7,Aprovado,2012.1,5
15372,29227733,14123100,ENGENHARIA ELETRICA,2014.1,1404147,LAB. DISPOSITIVOS ELETRONICOS,1,UNID. ACAD. DE ENGENHARIA ELETRICA,8.4,Aprovado,2012.1,5
15376,29227733,14123100,ENGENHARIA ELETRICA,2014.1,1106058,INTRODUCAO A CIENCIA DOS MATERIAIS,4,UNID. ACAD. DE ENGENHARIA DE MATERIAIS,7.6,Aprovado,2012.1,5
15377,29227733,14123100,ENGENHARIA ELETRICA,2014.1,1404140,LAB. CIRCUITOS ELETRICOS II,1,UNID. ACAD. DE ENGENHARIA ELETRICA,8.7,Aprovado,2012.1,5
15379,29227733,14123100,ENGENHARIA ELETRICA,2014.1,1404138,CIRCUITOS ELETRICOS II,4,UNID. ACAD. DE ENGENHARIA ELETRICA,5.6,Aprovado,2012.1,5
15380,29227733,14123100,ENGENHARIA ELETRICA,2014.1,1404143,ONDAS E LINHAS,4,UNID. ACAD. DE ENGENHARIA ELETRICA,6.5,Aprovado,2012.1,5
15383,316836416,14123100,ENGENHARIA ELETRICA,2014.1,1404147,LAB. DISPOSITIVOS ELETRONICOS,1,UNID. ACAD. DE ENGENHARIA ELETRICA,9,Aprovado,2012.1,5
15384,316836416,14123100,ENGENHARIA ELETRICA,2014.1,1404160,ANALISE DE SINAIS E SISTEMAS,4,UNID. ACAD. DE ENGENHARIA ELETRICA,6.3,Aprovado,2012.1,5
15385,316836416,14123100,ENGENHARIA ELETRICA,2014.1,1404137,CIRCUITOS ELETRICOS I,4,UNID. ACAD. DE ENGENHARIA ELETRICA,8.5,Aprovado,2012.1,5
15386,316836416,14123100,ENGENHARIA ELETRICA,2014.1,1404140,LAB. CIRCUITOS ELETRICOS II,1,UNID. ACAD. DE ENGENHARIA ELETRICA,5.8,Aprovado,2012.1,5
15388,316836416,14123100,ENGENHARIA ELETRICA,2014.1,1404143,ONDAS E LINHAS,4,UNID. ACAD. DE ENGENHARIA ELETRICA,7.1,Aprovado,2012.1,5
15391,316836416,14123100,ENGENHARIA ELETRICA,2014.1,1404144,DISPOSITIVOS ELETRONICOS,4,UNID. ACAD. DE ENGENHARIA ELETRICA,7,Aprovado,2012.1,5
15392,316836416,14123100,ENGENHARIA ELETRICA,2014.1,1106058,INTRODUCAO A CIENCIA DOS MATERIAIS,4,UNID. ACAD. DE ENGENHARIA DE MATERIAIS,9.9,Aprovado,2012.1,5
15394,316836416,14123100,ENGENHARIA ELETRICA,2014.1,1114109,PROCESSOS ESTOCASTICOS,4,UNID. ACAD. DE ESTATISTICA,8.5,Aprovado,2012.1,5
15396,316836416,14123100,ENGENHARIA ELETRICA,2014.1,1404138,CIRCUITOS ELETRICOS II,4,UNID. ACAD. DE ENGENHARIA ELETRICA,6.4,Aprovado,2012.1,5
15397,604445099,14123100,ENGENHARIA ELETRICA,2014.1,1114109,PROCESSOS ESTOCASTICOS,4,UNID. ACAD. DE ESTATISTICA,7.5,Aprovado,2012.1,5
15399,604445099,14123100,ENGENHARIA ELETRICA,2014.1,1108083,ELETRICIDADE E MAGNETISMO,4,UNID. ACAD. DE FISICA,7,Aprovado,2012.1,5
15401,604445099,14123100,ENGENHARIA ELETRICA,2014.1,1411075,CALCULO NUMERICO,4,UNID. ACAD. DE SISTEMAS E COMPUTACAO,8.8,Aprovado,2012.1,5
15405,604445099,14123100,ENGENHARIA ELETRICA,2014.1,1108029,MECANICA GERAL II,4,UNID. ACAD. DE FISICA,7,Aprovado,2012.1,5
15406,604445099,14123100,ENGENHARIA ELETRICA,2014.1,1109108,VARIAVEIS COMPLEXAS,4,UNID. ACAD. DE MATEMATICA,7.7,Aprovado,2012.1,5
15413,892053782,14123100,ENGENHARIA ELETRICA,2014.1,1109106,EQUACOES DIFERENCIAIS,4,UNID. ACAD. DE MATEMATICA,4.8,Reprovado,2012.1,5
15417,892053782,14123100,ENGENHARIA ELETRICA,2014.1,1114107,PROBABILIDADE E ESTATISTICA,4,UNID. ACAD. DE ESTATISTICA,3.5,Reprovado,2012.1,5
15418,892053782,14123100,ENGENHARIA ELETRICA,2014.1,1108023,FISICA EXPERIMENTAL I,4,UNID. ACAD. DE FISICA,7,Aprovado,2012.1,5
15419,892053782,14123100,ENGENHARIA ELETRICA,2014.1,1109105,CALCULO DIFERENCIAL E INTEGRAL III,5,UNID. ACAD. DE MATEMATICA,1.4,Reprovado,2012.1,5
15420,892053782,14123100,ENGENHARIA ELETRICA,2014.1,1108098,MECANICA GERAL I,4,UNID. ACAD. DE FISICA,7,Aprovado,2012.1,5
15421,179662466,14123100,ENGENHARIA ELETRICA,2014.1,1411075,CALCULO NUMERICO,4,UNID. ACAD. DE SISTEMAS E COMPUTACAO,7.7,Aprovado,2012.1,5
15422,179662466,14123100,ENGENHARIA ELETRICA,2014.1,1404137,CIRCUITOS ELETRICOS I,4,UNID. ACAD. DE ENGENHARIA ELETRICA,5.2,Aprovado,2012.1,5
15425,179662466,14123100,ENGENHARIA ELETRICA,2014.1,1404142,LAB. ELETROMAGNETISMO,1,UNID. ACAD. DE ENGENHARIA ELETRICA,7.3,Aprovado,2012.1,5
15426,179662466,14123100,ENGENHARIA ELETRICA,2014.1,1404141,ELETROMAGNETISMO,4,UNID. ACAD. DE ENGENHARIA ELETRICA,7.7,Aprovado,2012.1,5
15429,179662466,14123100,ENGENHARIA ELETRICA,2014.1,1114107,PROBABILIDADE E ESTATISTICA,4,UNID. ACAD. DE ESTATISTICA,5.8,Aprovado,2012.1,5
15431,179662466,14123100,ENGENHARIA ELETRICA,2014.1,1108029,MECANICA GERAL II,4,UNID. ACAD. DE FISICA,3.3,Reprovado,2012.1,5
15434,179662466,14123100,ENGENHARIA ELETRICA,2014.1,1404139,LAB. CIRCUITOS ELETRICOS I,1,UNID. ACAD. DE ENGENHARIA ELETRICA,9,Aprovado,2012.1,5
15435,179662466,14123100,ENGENHARIA ELETRICA,2014.1,1109108,VARIAVEIS COMPLEXAS,4,UNID. ACAD. DE MATEMATICA,5.2,Aprovado,2012.1,5
15438,704734921,14123100,ENGENHARIA ELETRICA,2014.1,1109108,VARIAVEIS COMPLEXAS,4,UNID. ACAD. DE MATEMATICA,0,Reprovado por Falta,2012.1,5
15441,704734921,14123100,ENGENHARIA ELETRICA,2014.1,1404164,LAB. CIRCUITOS LOGICOS,1,UNID. ACAD. DE ENGENHARIA ELETRICA,8.2,Aprovado,2012.1,5
15443,704734921,14123100,ENGENHARIA ELETRICA,2014.1,1108083,ELETRICIDADE E MAGNETISMO,4,UNID. ACAD. DE FISICA,1.2,Reprovado,2012.1,5
15446,704734921,14123100,ENGENHARIA ELETRICA,2014.1,1404163,CIRCUITOS LOGICOS,4,UNID. ACAD. DE ENGENHARIA ELETRICA,5.4,Aprovado,2012.1,5
15447,704734921,14123100,ENGENHARIA ELETRICA,2014.1,1108084,LAB. DE OPTICA ELETRICIDADE E MAGNETISMO,4,UNID. ACAD. DE FISICA,2.6,Reprovado,2012.1,5
15448,704734921,14123100,ENGENHARIA ELETRICA,2014.1,1108098,MECANICA GERAL I,4,UNID. ACAD. DE FISICA,0,Reprovado por Falta,2012.1,5
15449,229807376,14123100,ENGENHARIA ELETRICA,2014.1,1114107,PROBABILIDADE E ESTATISTICA,4,UNID. ACAD. DE ESTATISTICA,0,Trancado,2012.1,5
15450,229807376,14123100,ENGENHARIA ELETRICA,2014.1,1108029,MECANICA GERAL II,4,UNID. ACAD. DE FISICA,7,Aprovado,2012.1,5
15452,229807376,14123100,ENGENHARIA ELETRICA,2014.1,1109106,EQUACOES DIFERENCIAIS,4,UNID. ACAD. DE MATEMATICA,0,Trancado,2012.1,5
15457,229807376,14123100,ENGENHARIA ELETRICA,2014.1,1108083,ELETRICIDADE E MAGNETISMO,4,UNID. ACAD. DE FISICA,0,Trancado,2012.1,5
15464,42488515,14123100,ENGENHARIA ELETRICA,2014.1,1404141,ELETROMAGNETISMO,4,UNID. ACAD. DE ENGENHARIA ELETRICA,2.3,Reprovado,2012.1,5
15466,42488515,14123100,ENGENHARIA ELETRICA,2014.1,1404142,LAB. ELETROMAGNETISMO,1,UNID. ACAD. DE ENGENHARIA ELETRICA,7.8,Aprovado,2012.1,5
15467,42488515,14123100,ENGENHARIA ELETRICA,2014.1,1109108,VARIAVEIS COMPLEXAS,4,UNID. ACAD. DE MATEMATICA,7,Aprovado,2012.1,5
15468,42488515,14123100,ENGENHARIA ELETRICA,2014.1,1404137,CIRCUITOS ELETRICOS I,4,UNID. ACAD. DE ENGENHARIA ELETRICA,5.4,Aprovado,2012.1,5
15469,42488515,14123100,ENGENHARIA ELETRICA,2014.1,1411075,CALCULO NUMERICO,4,UNID. ACAD. DE SISTEMAS E COMPUTACAO,7,Aprovado,2012.1,5
15472,42488515,14123100,ENGENHARIA ELETRICA,2014.1,1108029,MECANICA GERAL II,4,UNID. ACAD. DE FISICA,7,Aprovado,2012.1,5
15473,42488515,14123100,ENGENHARIA ELETRICA,2014.1,1404139,LAB. CIRCUITOS ELETRICOS I,1,UNID. ACAD. DE ENGENHARIA ELETRICA,9.1,Aprovado,2012.1,5
15481,92633426,14123100,ENGENHARIA ELETRICA,2014.1,1108029,MECANICA GERAL II,4,UNID. ACAD. DE FISICA,NA,Trancado,2012.1,5
15482,92633426,14123100,ENGENHARIA ELETRICA,2014.1,1411075,CALCULO NUMERICO,4,UNID. ACAD. DE SISTEMAS E COMPUTACAO,8.4,Aprovado,2012.1,5
15484,92633426,14123100,ENGENHARIA ELETRICA,2014.1,1108083,ELETRICIDADE E MAGNETISMO,4,UNID. ACAD. DE FISICA,9,Aprovado,2012.1,5
15485,92633426,14123100,ENGENHARIA ELETRICA,2014.1,1114107,PROBABILIDADE E ESTATISTICA,4,UNID. ACAD. DE ESTATISTICA,7.6,Aprovado,2012.1,5
15489,92633426,14123100,ENGENHARIA ELETRICA,2014.1,1109108,VARIAVEIS COMPLEXAS,4,UNID. ACAD. DE MATEMATICA,7.6,Aprovado,2012.1,5
15494,855169653,14123100,ENGENHARIA ELETRICA,2014.1,1301018,ENGENHARIA ECONOMICA,4,UNID. ACAD. DE ADMINISTRACAO E CONTABILIDADE,7.9,Aprovado,2012.1,5
15495,855169653,14123100,ENGENHARIA ELETRICA,2014.1,1108083,ELETRICIDADE E MAGNETISMO,4,UNID. ACAD. DE FISICA,7,Aprovado,2012.1,5
15498,855169653,14123100,ENGENHARIA ELETRICA,2014.1,1108029,MECANICA GERAL II,4,UNID. ACAD. DE FISICA,1.7,Reprovado,2012.1,5
15501,855169653,14123100,ENGENHARIA ELETRICA,2014.1,1109106,EQUACOES DIFERENCIAIS,4,UNID. ACAD. DE MATEMATICA,7.5,Aprovado,2012.1,5
15502,855169653,14123100,ENGENHARIA ELETRICA,2014.1,1114109,PROCESSOS ESTOCASTICOS,4,UNID. ACAD. DE ESTATISTICA,2,Reprovado,2012.1,5
15514,667850792,14123100,ENGENHARIA ELETRICA,2014.1,1114107,PROBABILIDADE E ESTATISTICA,4,UNID. ACAD. DE ESTATISTICA,8.7,Aprovado,2012.1,5
15516,667850792,14123100,ENGENHARIA ELETRICA,2014.1,1404138,CIRCUITOS ELETRICOS II,4,UNID. ACAD. DE ENGENHARIA ELETRICA,7,Aprovado,2012.1,5
15517,667850792,14123100,ENGENHARIA ELETRICA,2014.1,1404144,DISPOSITIVOS ELETRONICOS,4,UNID. ACAD. DE ENGENHARIA ELETRICA,7,Aprovado,2012.1,5
15519,667850792,14123100,ENGENHARIA ELETRICA,2014.1,1404140,LAB. CIRCUITOS ELETRICOS II,1,UNID. ACAD. DE ENGENHARIA ELETRICA,7.7,Aprovado,2012.1,5
15521,667850792,14123100,ENGENHARIA ELETRICA,2014.1,1404143,ONDAS E LINHAS,4,UNID. ACAD. DE ENGENHARIA ELETRICA,8,Aprovado,2012.1,5
15523,667850792,14123100,ENGENHARIA ELETRICA,2014.1,1404147,LAB. DISPOSITIVOS ELETRONICOS,1,UNID. ACAD. DE ENGENHARIA ELETRICA,8.7,Aprovado,2012.1,5
15524,667850792,14123100,ENGENHARIA ELETRICA,2014.1,1404160,ANALISE DE SINAIS E SISTEMAS,4,UNID. ACAD. DE ENGENHARIA ELETRICA,6,Aprovado,2012.1,5
15526,667850792,14123100,ENGENHARIA ELETRICA,2014.1,1106058,INTRODUCAO A CIENCIA DOS MATERIAIS,4,UNID. ACAD. DE ENGENHARIA DE MATERIAIS,9.5,Aprovado,2012.1,5
15528,717995703,14123100,ENGENHARIA ELETRICA,2014.1,1109106,EQUACOES DIFERENCIAIS,4,UNID. ACAD. DE MATEMATICA,6.2,Aprovado,2012.1,5
15530,717995703,14123100,ENGENHARIA ELETRICA,2014.1,1114109,PROCESSOS ESTOCASTICOS,4,UNID. ACAD. DE ESTATISTICA,5.4,Aprovado,2012.1,5
15531,717995703,14123100,ENGENHARIA ELETRICA,2014.1,1108029,MECANICA GERAL II,4,UNID. ACAD. DE FISICA,7.1,Aprovado,2012.1,5
15532,717995703,14123100,ENGENHARIA ELETRICA,2014.1,1305036,INSTITUICOES DO DIREITO,3,UNID. ACAD. DE SOCIOLOGIA E ANTROPOLOGIA,8.7,Aprovado,2012.1,5
15533,717995703,14123100,ENGENHARIA ELETRICA,2014.1,1108083,ELETRICIDADE E MAGNETISMO,4,UNID. ACAD. DE FISICA,5.6,Aprovado,2012.1,5
15535,717995703,14123100,ENGENHARIA ELETRICA,2014.1,1305212,SOCIOLOGIA INDUSTRIAL,3,UNID. ACAD. DE SOCIOLOGIA E ANTROPOLOGIA,10,Aprovado,2012.1,5
15544,5604386,14123100,ENGENHARIA ELETRICA,2014.1,1503034,FENOMENOS DE TRANSPORTE,5,UNID. ACAD. DE ENGENHARIA CIVIL,7.8,Aprovado,2012.1,5
15547,5604386,14123100,ENGENHARIA ELETRICA,2014.1,1106058,INTRODUCAO A CIENCIA DOS MATERIAIS,4,UNID. ACAD. DE ENGENHARIA DE MATERIAIS,9.3,Aprovado,2012.1,5
15548,5604386,14123100,ENGENHARIA ELETRICA,2014.1,1404137,CIRCUITOS ELETRICOS I,4,UNID. ACAD. DE ENGENHARIA ELETRICA,8.3,Aprovado,2012.1,5
15549,5604386,14123100,ENGENHARIA ELETRICA,2014.1,1114107,PROBABILIDADE E ESTATISTICA,4,UNID. ACAD. DE ESTATISTICA,9.3,Aprovado,2012.1,5
15550,5604386,14123100,ENGENHARIA ELETRICA,2014.1,1404143,ONDAS E LINHAS,4,UNID. ACAD. DE ENGENHARIA ELETRICA,8.6,Aprovado,2012.1,5
15552,293213054,14123100,ENGENHARIA ELETRICA,2014.1,1108083,ELETRICIDADE E MAGNETISMO,4,UNID. ACAD. DE FISICA,0,Trancado,2012.1,5
15554,293213054,14123100,ENGENHARIA ELETRICA,2014.1,1114109,PROCESSOS ESTOCASTICOS,4,UNID. ACAD. DE ESTATISTICA,0,Trancado,2012.1,5
15555,293213054,14123100,ENGENHARIA ELETRICA,2014.1,1108029,MECANICA GERAL II,4,UNID. ACAD. DE FISICA,0,Trancado,2012.1,5
15560,293213054,14123100,ENGENHARIA ELETRICA,2014.1,1411075,CALCULO NUMERICO,4,UNID. ACAD. DE SISTEMAS E COMPUTACAO,7.9,Aprovado,2012.1,5
15562,293213054,14123100,ENGENHARIA ELETRICA,2014.1,1109108,VARIAVEIS COMPLEXAS,4,UNID. ACAD. DE MATEMATICA,0,Trancado,2012.1,5
15566,531907007,14123100,ENGENHARIA ELETRICA,2014.1,1108029,MECANICA GERAL II,4,UNID. ACAD. DE FISICA,0,Trancado,2012.1,5
15567,531907007,14123100,ENGENHARIA ELETRICA,2014.1,1404141,ELETROMAGNETISMO,4,UNID. ACAD. DE ENGENHARIA ELETRICA,5.6,Aprovado,2012.1,5
15568,531907007,14123100,ENGENHARIA ELETRICA,2014.1,1305212,SOCIOLOGIA INDUSTRIAL,3,UNID. ACAD. DE SOCIOLOGIA E ANTROPOLOGIA,10,Aprovado,2012.1,5
15569,531907007,14123100,ENGENHARIA ELETRICA,2014.1,1404137,CIRCUITOS ELETRICOS I,4,UNID. ACAD. DE ENGENHARIA ELETRICA,0,Trancado,2012.1,5
15571,531907007,14123100,ENGENHARIA ELETRICA,2014.1,1404139,LAB. CIRCUITOS ELETRICOS I,1,UNID. ACAD. DE ENGENHARIA ELETRICA,7,Aprovado,2012.1,5
15572,531907007,14123100,ENGENHARIA ELETRICA,2014.1,1109108,VARIAVEIS COMPLEXAS,4,UNID. ACAD. DE MATEMATICA,0,Trancado,2012.1,5
15573,531907007,14123100,ENGENHARIA ELETRICA,2014.1,1404142,LAB. ELETROMAGNETISMO,1,UNID. ACAD. DE ENGENHARIA ELETRICA,6,Aprovado,2012.1,5
15577,294443234,14123100,ENGENHARIA ELETRICA,2014.1,1305036,INSTITUICOES DO DIREITO,3,UNID. ACAD. DE SOCIOLOGIA E ANTROPOLOGIA,6.7,Aprovado,2012.1,5
15579,294443234,14123100,ENGENHARIA ELETRICA,2014.1,1114107,PROBABILIDADE E ESTATISTICA,4,UNID. ACAD. DE ESTATISTICA,0.9,Reprovado,2012.1,5
15580,294443234,14123100,ENGENHARIA ELETRICA,2014.1,1109106,EQUACOES DIFERENCIAIS,4,UNID. ACAD. DE MATEMATICA,5.1,Aprovado,2012.1,5
15581,294443234,14123100,ENGENHARIA ELETRICA,2014.1,1411161,TECNICAS DE PROGRAMACAO,4,UNID. ACAD. DE SISTEMAS E COMPUTACAO,5.9,Aprovado,2012.1,5
15585,56979462,14123100,ENGENHARIA ELETRICA,2014.1,1404137,CIRCUITOS ELETRICOS I,4,UNID. ACAD. DE ENGENHARIA ELETRICA,7.5,Aprovado,2012.1,5
15587,56979462,14123100,ENGENHARIA ELETRICA,2014.1,1303021,ECONOMIA,4,UNID. ACAD. DE ECONOMIA E FINANCAS,7,Aprovado,2012.1,5
15588,56979462,14123100,ENGENHARIA ELETRICA,2014.1,1404141,ELETROMAGNETISMO,4,UNID. ACAD. DE ENGENHARIA ELETRICA,4.2,Reprovado,2012.1,5
15589,56979462,14123100,ENGENHARIA ELETRICA,2014.1,1114107,PROBABILIDADE E ESTATISTICA,4,UNID. ACAD. DE ESTATISTICA,3.8,Reprovado,2012.1,5
15594,56979462,14123100,ENGENHARIA ELETRICA,2014.1,1411075,CALCULO NUMERICO,4,UNID. ACAD. DE SISTEMAS E COMPUTACAO,7.6,Aprovado,2012.1,5
15597,574691891,12204100,ENFERMAGEM - D,2014.1,1201222,SAUDE DA MULHER,8,UNID. ACAD. DE CIENCIAS DA SAUDE (UACS),6.3,Aprovado,2012.1,5
15606,574691891,12204100,ENFERMAGEM - D,2014.1,1201221,SAUDE DA CRIANCA E DO ADOLESCENTE(PRATIC,6,UNID. ACAD. DE CIENCIAS DA SAUDE (UACS),8.3,Aprovado,2012.1,5
15607,574691891,12204100,ENFERMAGEM - D,2014.1,1201223,SAUDE DA MULHER (PRATICA),6,UNID. ACAD. DE CIENCIAS DA SAUDE (UACS),7,Aprovado,2012.1,5
15608,574691891,12204100,ENFERMAGEM - D,2014.1,1201220,SAUDE DA CRIANCA E DO ADOLESCENTE,8,UNID. ACAD. DE CIENCIAS DA SAUDE (UACS),7.7,Aprovado,2012.1,5
15620,862300574,12204100,ENFERMAGEM - D,2014.1,1201221,SAUDE DA CRIANCA E DO ADOLESCENTE(PRATIC,6,UNID. ACAD. DE CIENCIAS DA SAUDE (UACS),8.5,Aprovado,2012.1,5
15624,862300574,12204100,ENFERMAGEM - D,2014.1,1201223,SAUDE DA MULHER (PRATICA),6,UNID. ACAD. DE CIENCIAS DA SAUDE (UACS),7.9,Aprovado,2012.1,5
15626,862300574,12204100,ENFERMAGEM - D,2014.1,1201220,SAUDE DA CRIANCA E DO ADOLESCENTE,8,UNID. ACAD. DE CIENCIAS DA SAUDE (UACS),7.7,Aprovado,2012.1,5
15628,862300574,12204100,ENFERMAGEM - D,2014.1,1201222,SAUDE DA MULHER,8,UNID. ACAD. DE CIENCIAS DA SAUDE (UACS),5.5,Aprovado,2012.1,5
15734,688242480,12204100,ENFERMAGEM - D,2014.1,1201221,SAUDE DA CRIANCA E DO ADOLESCENTE(PRATIC,6,UNID. ACAD. DE CIENCIAS DA SAUDE (UACS),8.7,Aprovado,2012.1,5
15737,688242480,12204100,ENFERMAGEM - D,2014.1,1201222,SAUDE DA MULHER,8,UNID. ACAD. DE CIENCIAS DA SAUDE (UACS),7,Aprovado,2012.1,5
15739,688242480,12204100,ENFERMAGEM - D,2014.1,1201223,SAUDE DA MULHER (PRATICA),6,UNID. ACAD. DE CIENCIAS DA SAUDE (UACS),8.1,Aprovado,2012.1,5
15740,688242480,12204100,ENFERMAGEM - D,2014.1,1201220,SAUDE DA CRIANCA E DO ADOLESCENTE,8,UNID. ACAD. DE CIENCIAS DA SAUDE (UACS),8,Aprovado,2012.1,5
15746,838677212,12204100,ENFERMAGEM - D,2014.1,1201222,SAUDE DA MULHER,8,UNID. ACAD. DE CIENCIAS DA SAUDE (UACS),6.3,Aprovado,2012.1,5
15748,838677212,12204100,ENFERMAGEM - D,2014.1,1201223,SAUDE DA MULHER (PRATICA),6,UNID. ACAD. DE CIENCIAS DA SAUDE (UACS),8.2,Aprovado,2012.1,5
15753,838677212,12204100,ENFERMAGEM - D,2014.1,1201220,SAUDE DA CRIANCA E DO ADOLESCENTE,8,UNID. ACAD. DE CIENCIAS DA SAUDE (UACS),8,Aprovado,2012.1,5
15756,838677212,12204100,ENFERMAGEM - D,2014.1,1201221,SAUDE DA CRIANCA E DO ADOLESCENTE(PRATIC,6,UNID. ACAD. DE CIENCIAS DA SAUDE (UACS),9.1,Aprovado,2012.1,5
15772,279618814,12204100,ENFERMAGEM - D,2014.1,1201221,SAUDE DA CRIANCA E DO ADOLESCENTE(PRATIC,6,UNID. ACAD. DE CIENCIAS DA SAUDE (UACS),8.3,Aprovado,2012.1,5
15773,279618814,12204100,ENFERMAGEM - D,2014.1,1201222,SAUDE DA MULHER,8,UNID. ACAD. DE CIENCIAS DA SAUDE (UACS),7.9,Aprovado,2012.1,5
15777,279618814,12204100,ENFERMAGEM - D,2014.1,1201146,SUPORTE BASICO DA VIDA,2,UNID. ACAD. DE CIENCIAS DA SAUDE (UACS),10,Aprovado,2012.1,5
15782,279618814,12204100,ENFERMAGEM - D,2014.1,1201220,SAUDE DA CRIANCA E DO ADOLESCENTE,8,UNID. ACAD. DE CIENCIAS DA SAUDE (UACS),8.6,Aprovado,2012.1,5
15783,279618814,12204100,ENFERMAGEM - D,2014.1,1201223,SAUDE DA MULHER (PRATICA),6,UNID. ACAD. DE CIENCIAS DA SAUDE (UACS),9.2,Aprovado,2012.1,5
15784,567227497,12204100,ENFERMAGEM - D,2014.1,1201220,SAUDE DA CRIANCA E DO ADOLESCENTE,8,UNID. ACAD. DE CIENCIAS DA SAUDE (UACS),8.1,Aprovado,2012.1,5
15785,567227497,12204100,ENFERMAGEM - D,2014.1,1201221,SAUDE DA CRIANCA E DO ADOLESCENTE(PRATIC,6,UNID. ACAD. DE CIENCIAS DA SAUDE (UACS),8,Aprovado,2012.1,5
15788,567227497,12204100,ENFERMAGEM - D,2014.1,1201223,SAUDE DA MULHER (PRATICA),6,UNID. ACAD. DE CIENCIAS DA SAUDE (UACS),4.3,Reprovado,2012.1,5
15791,567227497,12204100,ENFERMAGEM - D,2014.1,1201222,SAUDE DA MULHER,8,UNID. ACAD. DE CIENCIAS DA SAUDE (UACS),4.7,Reprovado,2012.1,5
15799,329763725,12204100,ENFERMAGEM - D,2014.1,1201220,SAUDE DA CRIANCA E DO ADOLESCENTE,8,UNID. ACAD. DE CIENCIAS DA SAUDE (UACS),7.6,Aprovado,2012.1,5
15800,329763725,12204100,ENFERMAGEM - D,2014.1,1201221,SAUDE DA CRIANCA E DO ADOLESCENTE(PRATIC,6,UNID. ACAD. DE CIENCIAS DA SAUDE (UACS),8.7,Aprovado,2012.1,5
15803,329763725,12204100,ENFERMAGEM - D,2014.1,1201222,SAUDE DA MULHER,8,UNID. ACAD. DE CIENCIAS DA SAUDE (UACS),6.4,Aprovado,2012.1,5
15805,329763725,12204100,ENFERMAGEM - D,2014.1,1201223,SAUDE DA MULHER (PRATICA),6,UNID. ACAD. DE CIENCIAS DA SAUDE (UACS),7.6,Aprovado,2012.1,5
15823,192589774,12204100,ENFERMAGEM - D,2014.1,1201221,SAUDE DA CRIANCA E DO ADOLESCENTE(PRATIC,6,UNID. ACAD. DE CIENCIAS DA SAUDE (UACS),8.5,Aprovado,2012.1,5
15825,192589774,12204100,ENFERMAGEM - D,2014.1,1201222,SAUDE DA MULHER,8,UNID. ACAD. DE CIENCIAS DA SAUDE (UACS),7.3,Aprovado,2012.1,5
15828,192589774,12204100,ENFERMAGEM - D,2014.1,1201220,SAUDE DA CRIANCA E DO ADOLESCENTE,8,UNID. ACAD. DE CIENCIAS DA SAUDE (UACS),8.2,Aprovado,2012.1,5
15829,192589774,12204100,ENFERMAGEM - D,2014.1,1201223,SAUDE DA MULHER (PRATICA),6,UNID. ACAD. DE CIENCIAS DA SAUDE (UACS),7.2,Aprovado,2012.1,5
15830,192589774,12204100,ENFERMAGEM - D,2014.1,1201146,SUPORTE BASICO DA VIDA,2,UNID. ACAD. DE CIENCIAS DA SAUDE (UACS),10,Aprovado,2012.1,5
15840,480198457,12204100,ENFERMAGEM - D,2014.1,1201222,SAUDE DA MULHER,8,UNID. ACAD. DE CIENCIAS DA SAUDE (UACS),7.1,Aprovado,2012.1,5
15843,480198457,12204100,ENFERMAGEM - D,2014.1,1201223,SAUDE DA MULHER (PRATICA),6,UNID. ACAD. DE CIENCIAS DA SAUDE (UACS),8.2,Aprovado,2012.1,5
15844,480198457,12204100,ENFERMAGEM - D,2014.1,1201220,SAUDE DA CRIANCA E DO ADOLESCENTE,8,UNID. ACAD. DE CIENCIAS DA SAUDE (UACS),8.3,Aprovado,2012.1,5
15849,480198457,12204100,ENFERMAGEM - D,2014.1,1201221,SAUDE DA CRIANCA E DO ADOLESCENTE(PRATIC,6,UNID. ACAD. DE CIENCIAS DA SAUDE (UACS),9,Aprovado,2012.1,5
15851,767807126,12204100,ENFERMAGEM - D,2014.1,1201220,SAUDE DA CRIANCA E DO ADOLESCENTE,8,UNID. ACAD. DE CIENCIAS DA SAUDE (UACS),7.5,Aprovado,2012.1,5
15853,767807126,12204100,ENFERMAGEM - D,2014.1,1201223,SAUDE DA MULHER (PRATICA),6,UNID. ACAD. DE CIENCIAS DA SAUDE (UACS),8,Aprovado,2012.1,5
15854,767807126,12204100,ENFERMAGEM - D,2014.1,1201221,SAUDE DA CRIANCA E DO ADOLESCENTE(PRATIC,6,UNID. ACAD. DE CIENCIAS DA SAUDE (UACS),8.6,Aprovado,2012.1,5
15856,767807126,12204100,ENFERMAGEM - D,2014.1,1201222,SAUDE DA MULHER,8,UNID. ACAD. DE CIENCIAS DA SAUDE (UACS),6.3,Aprovado,2012.1,5
15867,55415809,12204100,ENFERMAGEM - D,2014.1,1201196,SOCIOLOGIA E ANTROPOLOGIA DA SAUDE,4,UNID. ACAD. DE CIENCIAS DA SAUDE (UACS),8.6,Aprovado,2012.1,5
15869,55415809,12204100,ENFERMAGEM - D,2014.1,1201193,SEMIOLOGIA E SEMIOTECNICA II (PRATICA),4,UNID. ACAD. DE CIENCIAS DA SAUDE (UACS),8.1,Aprovado,2012.1,5
15870,55415809,12204100,ENFERMAGEM - D,2014.1,1201276,TOXICOLOGIA,2,UNID. ACAD. DE CIENCIAS DA SAUDE (UACS),7.8,Aprovado,2012.1,5
15875,55415809,12204100,ENFERMAGEM - D,2014.1,1201192,SEMIOLOGIA E SEMIOTECNICA II,6,UNID. ACAD. DE CIENCIAS DA SAUDE (UACS),7.4,Aprovado,2012.1,5
15879,580488264,12204100,ENFERMAGEM - D,2014.1,1201169,SISTEMATIZACAO DA ASSIST. DE ENFERMAGEM,2,UNID. ACAD. DE CIENCIAS DA SAUDE (UACS),7,Aprovado,2012.1,5
15880,580488264,12204100,ENFERMAGEM - D,2014.1,1201160,SAUDE COLETIVA II (PRATICA),3,UNID. ACAD. DE CIENCIAS DA SAUDE (UACS),0,Reprovado por Falta,2012.1,5
15881,580488264,12204100,ENFERMAGEM - D,2014.1,1201159,SAUDE COLETIVA II,5,UNID. ACAD. DE CIENCIAS DA SAUDE (UACS),0,Reprovado por Falta,2012.1,5
15882,580488264,12204100,ENFERMAGEM - D,2014.1,1201161,ANATOMIA,4,UNID. ACAD. DE CIENCIAS DA SAUDE (UACS),4.5,Reprovado,2012.1,5
15883,580488264,12204100,ENFERMAGEM - D,2014.1,1201162,ANATOMIA (PRATICA),4,UNID. ACAD. DE CIENCIAS DA SAUDE (UACS),3.4,Reprovado,2012.1,5
15904,345922678,12204100,ENFERMAGEM - D,2014.1,1201276,TOXICOLOGIA,2,UNID. ACAD. DE CIENCIAS DA SAUDE (UACS),NA,Trancado,2012.1,5
15905,345922678,12204100,ENFERMAGEM - D,2014.1,1201193,SEMIOLOGIA E SEMIOTECNICA II (PRATICA),4,UNID. ACAD. DE CIENCIAS DA SAUDE (UACS),NA,Trancado,2012.1,5
15912,345922678,12204100,ENFERMAGEM - D,2014.1,1201195,PSICOLOGIA GERAL,4,UNID. ACAD. DE CIENCIAS DA SAUDE (UACS),NA,Trancado,2012.1,5
15914,345922678,12204100,ENFERMAGEM - D,2014.1,1201192,SEMIOLOGIA E SEMIOTECNICA II,6,UNID. ACAD. DE CIENCIAS DA SAUDE (UACS),NA,Trancado,2012.1,5
15917,108458906,12204100,ENFERMAGEM - D,2014.1,1201146,SUPORTE BASICO DA VIDA,2,UNID. ACAD. DE CIENCIAS DA SAUDE (UACS),10,Aprovado,2012.1,5
15919,108458906,12204100,ENFERMAGEM - D,2014.1,1201221,SAUDE DA CRIANCA E DO ADOLESCENTE(PRATIC,6,UNID. ACAD. DE CIENCIAS DA SAUDE (UACS),8.8,Aprovado,2012.1,5
15920,108458906,12204100,ENFERMAGEM - D,2014.1,1201223,SAUDE DA MULHER (PRATICA),6,UNID. ACAD. DE CIENCIAS DA SAUDE (UACS),7.4,Aprovado,2012.1,5
15924,108458906,12204100,ENFERMAGEM - D,2014.1,1201222,SAUDE DA MULHER,8,UNID. ACAD. DE CIENCIAS DA SAUDE (UACS),5.8,Aprovado,2012.1,5
15927,108458906,12204100,ENFERMAGEM - D,2014.1,1201220,SAUDE DA CRIANCA E DO ADOLESCENTE,8,UNID. ACAD. DE CIENCIAS DA SAUDE (UACS),7.2,Aprovado,2012.1,5
15931,870995134,12204100,ENFERMAGEM - D,2014.1,1201220,SAUDE DA CRIANCA E DO ADOLESCENTE,8,UNID. ACAD. DE CIENCIAS DA SAUDE (UACS),8.1,Aprovado,2012.1,5
15933,870995134,12204100,ENFERMAGEM - D,2014.1,1201221,SAUDE DA CRIANCA E DO ADOLESCENTE(PRATIC,6,UNID. ACAD. DE CIENCIAS DA SAUDE (UACS),9.2,Aprovado,2012.1,5
15936,870995134,12204100,ENFERMAGEM - D,2014.1,1201223,SAUDE DA MULHER (PRATICA),6,UNID. ACAD. DE CIENCIAS DA SAUDE (UACS),8.4,Aprovado,2012.1,5
15939,870995134,12204100,ENFERMAGEM - D,2014.1,1201222,SAUDE DA MULHER,8,UNID. ACAD. DE CIENCIAS DA SAUDE (UACS),5.8,Aprovado,2012.1,5
15946,633531361,12204100,ENFERMAGEM - D,2014.1,1201191,PATOLOGIA,4,UNID. ACAD. DE CIENCIAS DA SAUDE (UACS),5.6,Aprovado,2012.1,5
15948,633531361,12204100,ENFERMAGEM - D,2014.1,1201192,SEMIOLOGIA E SEMIOTECNICA II,6,UNID. ACAD. DE CIENCIAS DA SAUDE (UACS),6.2,Aprovado,2012.1,5
15953,633531361,12204100,ENFERMAGEM - D,2014.1,1201276,TOXICOLOGIA,2,UNID. ACAD. DE CIENCIAS DA SAUDE (UACS),7.8,Aprovado,2012.1,5
15954,633531361,12204100,ENFERMAGEM - D,2014.1,1201193,SEMIOLOGIA E SEMIOTECNICA II (PRATICA),4,UNID. ACAD. DE CIENCIAS DA SAUDE (UACS),8.8,Aprovado,2012.1,5
15958,396067589,12204100,ENFERMAGEM - D,2014.1,1201276,TOXICOLOGIA,2,UNID. ACAD. DE CIENCIAS DA SAUDE (UACS),7.8,Aprovado,2012.1,5
15963,396067589,12204100,ENFERMAGEM - D,2014.1,1201196,SOCIOLOGIA E ANTROPOLOGIA DA SAUDE,4,UNID. ACAD. DE CIENCIAS DA SAUDE (UACS),8.5,Aprovado,2012.1,5
15964,396067589,12204100,ENFERMAGEM - D,2014.1,1201191,PATOLOGIA,4,UNID. ACAD. DE CIENCIAS DA SAUDE (UACS),5.1,Aprovado,2012.1,5
15966,396067589,12204100,ENFERMAGEM - D,2014.1,1201153,FARMACOLOGIA,4,UNID. ACAD. DE CIENCIAS DA SAUDE (UACS),6,Aprovado,2012.1,5
15967,396067589,12204100,ENFERMAGEM - D,2014.1,1201162,ANATOMIA (PRATICA),4,UNID. ACAD. DE CIENCIAS DA SAUDE (UACS),6.1,Aprovado,2012.1,5
15973,921140044,12204100,ENFERMAGEM - D,2014.1,1201191,PATOLOGIA,4,UNID. ACAD. DE CIENCIAS DA SAUDE (UACS),7.1,Aprovado,2012.1,5
15976,921140044,12204100,ENFERMAGEM - D,2014.1,1201192,SEMIOLOGIA E SEMIOTECNICA II,6,UNID. ACAD. DE CIENCIAS DA SAUDE (UACS),7.6,Aprovado,2012.1,5
15977,921140044,12204100,ENFERMAGEM - D,2014.1,1201146,SUPORTE BASICO DA VIDA,2,UNID. ACAD. DE CIENCIAS DA SAUDE (UACS),10,Aprovado,2012.1,5
15979,921140044,12204100,ENFERMAGEM - D,2014.1,1201193,SEMIOLOGIA E SEMIOTECNICA II (PRATICA),4,UNID. ACAD. DE CIENCIAS DA SAUDE (UACS),8.1,Aprovado,2012.1,5
15997,446212500,12204100,ENFERMAGEM - D,2014.1,1201223,SAUDE DA MULHER (PRATICA),6,UNID. ACAD. DE CIENCIAS DA SAUDE (UACS),NA,Trancado,2012.1,5
15998,446212500,12204100,ENFERMAGEM - D,2014.1,1201222,SAUDE DA MULHER,8,UNID. ACAD. DE CIENCIAS DA SAUDE (UACS),NA,Trancado,2012.1,5
15999,446212500,12204100,ENFERMAGEM - D,2014.1,1201221,SAUDE DA CRIANCA E DO ADOLESCENTE(PRATIC,6,UNID. ACAD. DE CIENCIAS DA SAUDE (UACS),NA,Trancado,2012.1,5
16002,446212500,12204100,ENFERMAGEM - D,2014.1,1201220,SAUDE DA CRIANCA E DO ADOLESCENTE,8,UNID. ACAD. DE CIENCIAS DA SAUDE (UACS),NA,Trancado,2012.1,5
16030,258893638,12204100,ENFERMAGEM - D,2014.1,1201223,SAUDE DA MULHER (PRATICA),6,UNID. ACAD. DE CIENCIAS DA SAUDE (UACS),8,Aprovado,2012.1,5
16036,258893638,12204100,ENFERMAGEM - D,2014.1,1201220,SAUDE DA CRIANCA E DO ADOLESCENTE,8,UNID. ACAD. DE CIENCIAS DA SAUDE (UACS),8.1,Aprovado,2012.1,5
16037,258893638,12204100,ENFERMAGEM - D,2014.1,1201221,SAUDE DA CRIANCA E DO ADOLESCENTE(PRATIC,6,UNID. ACAD. DE CIENCIAS DA SAUDE (UACS),8.9,Aprovado,2012.1,5
16038,258893638,12204100,ENFERMAGEM - D,2014.1,1201222,SAUDE DA MULHER,8,UNID. ACAD. DE CIENCIAS DA SAUDE (UACS),6.5,Aprovado,2012.1,5
16052,348820880,12204100,ENFERMAGEM - D,2014.1,1201220,SAUDE DA CRIANCA E DO ADOLESCENTE,8,UNID. ACAD. DE CIENCIAS DA SAUDE (UACS),NA,Trancado,2012.1,5
16059,348820880,12204100,ENFERMAGEM - D,2014.1,1201221,SAUDE DA CRIANCA E DO ADOLESCENTE(PRATIC,6,UNID. ACAD. DE CIENCIAS DA SAUDE (UACS),NA,Trancado,2012.1,5
16061,348820880,12204100,ENFERMAGEM - D,2014.1,1201223,SAUDE DA MULHER (PRATICA),6,UNID. ACAD. DE CIENCIAS DA SAUDE (UACS),NA,Trancado,2012.1,5
16064,348820880,12204100,ENFERMAGEM - D,2014.1,1201222,SAUDE DA MULHER,8,UNID. ACAD. DE CIENCIAS DA SAUDE (UACS),NA,Trancado,2012.1,5
16079,636429563,12204100,ENFERMAGEM - D,2014.1,1201165,HISTOLOGIA E EMBRIOLOGIA,2,UNID. ACAD. DE CIENCIAS DA SAUDE (UACS),3.1,Reprovado,2012.1,5
16082,636429563,12204100,ENFERMAGEM - D,2014.1,1201162,ANATOMIA (PRATICA),4,UNID. ACAD. DE CIENCIAS DA SAUDE (UACS),0,Reprovado por Falta,2012.1,5
16086,636429563,12204100,ENFERMAGEM - D,2014.1,1201133,BIOLOGIA CELULAR,3,UNID. ACAD. DE CIENCIAS DA SAUDE (UACS),2.1,Reprovado,2012.1,5
16088,636429563,12204100,ENFERMAGEM - D,2014.1,1201166,HISTOLOGIA E EMBRIOLOGIA (PRATICA),2,UNID. ACAD. DE CIENCIAS DA SAUDE (UACS),3.7,Reprovado,2012.1,5
16089,636429563,12204100,ENFERMAGEM - D,2014.1,1201161,ANATOMIA,4,UNID. ACAD. DE CIENCIAS DA SAUDE (UACS),0,Reprovado por Falta,2012.1,5
16091,739617571,12204100,ENFERMAGEM - D,2014.1,1201193,SEMIOLOGIA E SEMIOTECNICA II (PRATICA),4,UNID. ACAD. DE CIENCIAS DA SAUDE (UACS),6,Aprovado,2012.1,5
16093,739617571,12204100,ENFERMAGEM - D,2014.1,1201192,SEMIOLOGIA E SEMIOTECNICA II,6,UNID. ACAD. DE CIENCIAS DA SAUDE (UACS),5.5,Aprovado,2012.1,5
16102,739617571,12204100,ENFERMAGEM - D,2014.1,1201195,PSICOLOGIA GERAL,4,UNID. ACAD. DE CIENCIAS DA SAUDE (UACS),0,Reprovado por Falta,2012.1,5
16105,264690026,12204100,ENFERMAGEM - D,2014.1,1201276,TOXICOLOGIA,2,UNID. ACAD. DE CIENCIAS DA SAUDE (UACS),7.8,Aprovado,2012.1,5
16106,264690026,12204100,ENFERMAGEM - D,2014.1,1201192,SEMIOLOGIA E SEMIOTECNICA II,6,UNID. ACAD. DE CIENCIAS DA SAUDE (UACS),6.1,Aprovado,2012.1,5
16108,264690026,12204100,ENFERMAGEM - D,2014.1,1201193,SEMIOLOGIA E SEMIOTECNICA II (PRATICA),4,UNID. ACAD. DE CIENCIAS DA SAUDE (UACS),7,Aprovado,2012.1,5
16109,264690026,12204100,ENFERMAGEM - D,2014.1,1201196,SOCIOLOGIA E ANTROPOLOGIA DA SAUDE,4,UNID. ACAD. DE CIENCIAS DA SAUDE (UACS),8.5,Aprovado,2012.1,5
16119,266149938,14123100,ENGENHARIA ELETRICA,2014.1,1404142,LAB. ELETROMAGNETISMO,1,UNID. ACAD. DE ENGENHARIA ELETRICA,8.1,Aprovado,2012.1,5
16120,266149938,14123100,ENGENHARIA ELETRICA,2014.1,1411075,CALCULO NUMERICO,4,UNID. ACAD. DE SISTEMAS E COMPUTACAO,8.1,Aprovado,2012.1,5
16122,266149938,14123100,ENGENHARIA ELETRICA,2014.1,1404139,LAB. CIRCUITOS ELETRICOS I,1,UNID. ACAD. DE ENGENHARIA ELETRICA,7.4,Aprovado,2012.1,5
16126,266149938,14123100,ENGENHARIA ELETRICA,2014.1,1108029,MECANICA GERAL II,4,UNID. ACAD. DE FISICA,6.7,Aprovado,2012.1,5
16127,266149938,14123100,ENGENHARIA ELETRICA,2014.1,1114107,PROBABILIDADE E ESTATISTICA,4,UNID. ACAD. DE ESTATISTICA,5,Aprovado,2012.1,5
16128,266149938,14123100,ENGENHARIA ELETRICA,2014.1,1404137,CIRCUITOS ELETRICOS I,4,UNID. ACAD. DE ENGENHARIA ELETRICA,5.5,Aprovado,2012.1,5
16130,266149938,14123100,ENGENHARIA ELETRICA,2014.1,1404141,ELETROMAGNETISMO,4,UNID. ACAD. DE ENGENHARIA ELETRICA,7.7,Aprovado,2012.1,5
16131,28686165,14123100,ENGENHARIA ELETRICA,2014.1,1404143,ONDAS E LINHAS,4,UNID. ACAD. DE ENGENHARIA ELETRICA,8.6,Aprovado,2012.1,5
16134,28686165,14123100,ENGENHARIA ELETRICA,2014.1,1114109,PROCESSOS ESTOCASTICOS,4,UNID. ACAD. DE ESTATISTICA,8.6,Aprovado,2012.1,5
16137,28686165,14123100,ENGENHARIA ELETRICA,2014.1,1404144,DISPOSITIVOS ELETRONICOS,4,UNID. ACAD. DE ENGENHARIA ELETRICA,7,Aprovado,2012.1,5
16139,28686165,14123100,ENGENHARIA ELETRICA,2014.1,1404160,ANALISE DE SINAIS E SISTEMAS,4,UNID. ACAD. DE ENGENHARIA ELETRICA,6.2,Aprovado,2012.1,5
16140,28686165,14123100,ENGENHARIA ELETRICA,2014.1,1404147,LAB. DISPOSITIVOS ELETRONICOS,1,UNID. ACAD. DE ENGENHARIA ELETRICA,9.3,Aprovado,2012.1,5
16141,28686165,14123100,ENGENHARIA ELETRICA,2014.1,1404138,CIRCUITOS ELETRICOS II,4,UNID. ACAD. DE ENGENHARIA ELETRICA,8.8,Aprovado,2012.1,5
16143,28686165,14123100,ENGENHARIA ELETRICA,2014.1,1106058,INTRODUCAO A CIENCIA DOS MATERIAIS,4,UNID. ACAD. DE ENGENHARIA DE MATERIAIS,9,Aprovado,2012.1,5
16145,28686165,14123100,ENGENHARIA ELETRICA,2014.1,1404140,LAB. CIRCUITOS ELETRICOS II,1,UNID. ACAD. DE ENGENHARIA ELETRICA,7.6,Aprovado,2012.1,5
16153,603903532,14123100,ENGENHARIA ELETRICA,2014.1,1404160,ANALISE DE SINAIS E SISTEMAS,4,UNID. ACAD. DE ENGENHARIA ELETRICA,7.4,Aprovado,2012.1,5
16154,603903532,14123100,ENGENHARIA ELETRICA,2014.1,1404144,DISPOSITIVOS ELETRONICOS,4,UNID. ACAD. DE ENGENHARIA ELETRICA,8.7,Aprovado,2012.1,5
16156,603903532,14123100,ENGENHARIA ELETRICA,2014.1,1404138,CIRCUITOS ELETRICOS II,4,UNID. ACAD. DE ENGENHARIA ELETRICA,8.3,Aprovado,2012.1,5
16157,603903532,14123100,ENGENHARIA ELETRICA,2014.1,1106058,INTRODUCAO A CIENCIA DOS MATERIAIS,4,UNID. ACAD. DE ENGENHARIA DE MATERIAIS,9.9,Aprovado,2012.1,5
16161,603903532,14123100,ENGENHARIA ELETRICA,2014.1,1404140,LAB. CIRCUITOS ELETRICOS II,1,UNID. ACAD. DE ENGENHARIA ELETRICA,8,Aprovado,2012.1,5
16164,603903532,14123100,ENGENHARIA ELETRICA,2014.1,1411075,CALCULO NUMERICO,4,UNID. ACAD. DE SISTEMAS E COMPUTACAO,9.4,Aprovado,2012.1,5
16165,603903532,14123100,ENGENHARIA ELETRICA,2014.1,1114109,PROCESSOS ESTOCASTICOS,4,UNID. ACAD. DE ESTATISTICA,7.4,Aprovado,2012.1,5
16167,603903532,14123100,ENGENHARIA ELETRICA,2014.1,1404147,LAB. DISPOSITIVOS ELETRONICOS,1,UNID. ACAD. DE ENGENHARIA ELETRICA,8.6,Aprovado,2012.1,5
16169,416584670,14123100,ENGENHARIA ELETRICA,2014.1,1404141,ELETROMAGNETISMO,4,UNID. ACAD. DE ENGENHARIA ELETRICA,0,Trancado,2012.1,5
16170,416584670,14123100,ENGENHARIA ELETRICA,2014.1,1411075,CALCULO NUMERICO,4,UNID. ACAD. DE SISTEMAS E COMPUTACAO,7.2,Aprovado,2012.1,5
16171,416584670,14123100,ENGENHARIA ELETRICA,2014.1,1404137,CIRCUITOS ELETRICOS I,4,UNID. ACAD. DE ENGENHARIA ELETRICA,0,Trancado,2012.1,5
16176,416584670,14123100,ENGENHARIA ELETRICA,2014.1,1404139,LAB. CIRCUITOS ELETRICOS I,1,UNID. ACAD. DE ENGENHARIA ELETRICA,8.3,Aprovado,2012.1,5
16177,416584670,14123100,ENGENHARIA ELETRICA,2014.1,1108029,MECANICA GERAL II,4,UNID. ACAD. DE FISICA,7,Aprovado,2012.1,5
16179,416584670,14123100,ENGENHARIA ELETRICA,2014.1,1404142,LAB. ELETROMAGNETISMO,1,UNID. ACAD. DE ENGENHARIA ELETRICA,0,Trancado,2012.1,5
16181,179120898,14123100,ENGENHARIA ELETRICA,2014.1,1108029,MECANICA GERAL II,4,UNID. ACAD. DE FISICA,7,Aprovado,2012.1,5
16184,179120898,14123100,ENGENHARIA ELETRICA,2014.1,1404137,CIRCUITOS ELETRICOS I,4,UNID. ACAD. DE ENGENHARIA ELETRICA,0,Trancado,2012.1,5
16185,179120898,14123100,ENGENHARIA ELETRICA,2014.1,1109108,VARIAVEIS COMPLEXAS,4,UNID. ACAD. DE MATEMATICA,0,Trancado,2012.1,5
16187,179120898,14123100,ENGENHARIA ELETRICA,2014.1,1404142,LAB. ELETROMAGNETISMO,1,UNID. ACAD. DE ENGENHARIA ELETRICA,0,Trancado,2012.1,5
16188,179120898,14123100,ENGENHARIA ELETRICA,2014.1,1411075,CALCULO NUMERICO,4,UNID. ACAD. DE SISTEMAS E COMPUTACAO,8,Aprovado,2012.1,5
16191,179120898,14123100,ENGENHARIA ELETRICA,2014.1,1404139,LAB. CIRCUITOS ELETRICOS I,1,UNID. ACAD. DE ENGENHARIA ELETRICA,0,Trancado,2012.1,5
16192,179120898,14123100,ENGENHARIA ELETRICA,2014.1,1404141,ELETROMAGNETISMO,4,UNID. ACAD. DE ENGENHARIA ELETRICA,0,Trancado,2012.1,5
16196,466729581,14123100,ENGENHARIA ELETRICA,2014.1,1404140,LAB. CIRCUITOS ELETRICOS II,1,UNID. ACAD. DE ENGENHARIA ELETRICA,7.2,Aprovado,2012.1,5
16197,466729581,14123100,ENGENHARIA ELETRICA,2014.1,1114109,PROCESSOS ESTOCASTICOS,4,UNID. ACAD. DE ESTATISTICA,9.7,Aprovado,2012.1,5
16199,466729581,14123100,ENGENHARIA ELETRICA,2014.1,1404138,CIRCUITOS ELETRICOS II,4,UNID. ACAD. DE ENGENHARIA ELETRICA,8,Aprovado,2012.1,5
16200,466729581,14123100,ENGENHARIA ELETRICA,2014.1,1404144,DISPOSITIVOS ELETRONICOS,4,UNID. ACAD. DE ENGENHARIA ELETRICA,7.8,Aprovado,2012.1,5
16203,466729581,14123100,ENGENHARIA ELETRICA,2014.1,1404147,LAB. DISPOSITIVOS ELETRONICOS,1,UNID. ACAD. DE ENGENHARIA ELETRICA,8.7,Aprovado,2012.1,5
16206,466729581,14123100,ENGENHARIA ELETRICA,2014.1,1404160,ANALISE DE SINAIS E SISTEMAS,4,UNID. ACAD. DE ENGENHARIA ELETRICA,9.4,Aprovado,2012.1,5
16207,466729581,14123100,ENGENHARIA ELETRICA,2014.1,1106058,INTRODUCAO A CIENCIA DOS MATERIAIS,4,UNID. ACAD. DE ENGENHARIA DE MATERIAIS,8.6,Aprovado,2012.1,5
16208,466729581,14123100,ENGENHARIA ELETRICA,2014.1,1404143,ONDAS E LINHAS,4,UNID. ACAD. DE ENGENHARIA ELETRICA,8.8,Aprovado,2012.1,5
16212,991802036,14123100,ENGENHARIA ELETRICA,2014.1,1404139,LAB. CIRCUITOS ELETRICOS I,1,UNID. ACAD. DE ENGENHARIA ELETRICA,7.9,Aprovado,2012.1,5
16213,991802036,14123100,ENGENHARIA ELETRICA,2014.1,1404141,ELETROMAGNETISMO,4,UNID. ACAD. DE ENGENHARIA ELETRICA,0,Reprovado por Falta,2012.1,5
16214,991802036,14123100,ENGENHARIA ELETRICA,2014.1,1404142,LAB. ELETROMAGNETISMO,1,UNID. ACAD. DE ENGENHARIA ELETRICA,7,Aprovado,2012.1,5
16215,991802036,14123100,ENGENHARIA ELETRICA,2014.1,1109108,VARIAVEIS COMPLEXAS,4,UNID. ACAD. DE MATEMATICA,5.9,Aprovado,2012.1,5
16217,991802036,14123100,ENGENHARIA ELETRICA,2014.1,1411075,CALCULO NUMERICO,4,UNID. ACAD. DE SISTEMAS E COMPUTACAO,8.5,Aprovado,2012.1,5
16219,991802036,14123100,ENGENHARIA ELETRICA,2014.1,1404137,CIRCUITOS ELETRICOS I,4,UNID. ACAD. DE ENGENHARIA ELETRICA,4.4,Reprovado,2012.1,5
16220,991802036,14123100,ENGENHARIA ELETRICA,2014.1,1108029,MECANICA GERAL II,4,UNID. ACAD. DE FISICA,2.7,Reprovado,2012.1,5
16225,516874492,14123100,ENGENHARIA ELETRICA,2014.1,1305212,SOCIOLOGIA INDUSTRIAL,3,UNID. ACAD. DE SOCIOLOGIA E ANTROPOLOGIA,9.5,Aprovado,2012.1,5
16228,516874492,14123100,ENGENHARIA ELETRICA,2014.1,1404163,CIRCUITOS LOGICOS,4,UNID. ACAD. DE ENGENHARIA ELETRICA,9.5,Aprovado,2012.1,5
16231,516874492,14123100,ENGENHARIA ELETRICA,2014.1,1109053,CALCULO DIFERENCIAL E INTEGRAL II,4,UNID. ACAD. DE MATEMATICA,1,Reprovado,2012.1,5
16234,516874492,14123100,ENGENHARIA ELETRICA,2014.1,1109049,ALGEBRA LINEAR I,4,UNID. ACAD. DE MATEMATICA,0,Reprovado por Falta,2012.1,5
16235,516874492,14123100,ENGENHARIA ELETRICA,2014.1,1303021,ECONOMIA,4,UNID. ACAD. DE ECONOMIA E FINANCAS,5.9,Aprovado,2012.1,5
16243,567019402,14123100,ENGENHARIA ELETRICA,2014.1,1109108,VARIAVEIS COMPLEXAS,4,UNID. ACAD. DE MATEMATICA,5,Aprovado,2012.1,5
16245,567019402,14123100,ENGENHARIA ELETRICA,2014.1,1404139,LAB. CIRCUITOS ELETRICOS I,1,UNID. ACAD. DE ENGENHARIA ELETRICA,7.9,Aprovado,2012.1,5
16247,567019402,14123100,ENGENHARIA ELETRICA,2014.1,1108029,MECANICA GERAL II,4,UNID. ACAD. DE FISICA,6.3,Aprovado,2012.1,5
16248,567019402,14123100,ENGENHARIA ELETRICA,2014.1,1404137,CIRCUITOS ELETRICOS I,4,UNID. ACAD. DE ENGENHARIA ELETRICA,5,Aprovado,2012.1,5
16249,567019402,14123100,ENGENHARIA ELETRICA,2014.1,1404141,ELETROMAGNETISMO,4,UNID. ACAD. DE ENGENHARIA ELETRICA,5.7,Aprovado,2012.1,5
16252,567019402,14123100,ENGENHARIA ELETRICA,2014.1,1404142,LAB. ELETROMAGNETISMO,1,UNID. ACAD. DE ENGENHARIA ELETRICA,7.3,Aprovado,2012.1,5
16256,567019402,14123100,ENGENHARIA ELETRICA,2014.1,1411075,CALCULO NUMERICO,4,UNID. ACAD. DE SISTEMAS E COMPUTACAO,7.6,Aprovado,2012.1,5
16266,854628086,14123100,ENGENHARIA ELETRICA,2014.1,1404141,ELETROMAGNETISMO,4,UNID. ACAD. DE ENGENHARIA ELETRICA,5.4,Aprovado,2012.1,5
16267,854628086,14123100,ENGENHARIA ELETRICA,2014.1,1404142,LAB. ELETROMAGNETISMO,1,UNID. ACAD. DE ENGENHARIA ELETRICA,7,Aprovado,2012.1,5
16268,854628086,14123100,ENGENHARIA ELETRICA,2014.1,1109108,VARIAVEIS COMPLEXAS,4,UNID. ACAD. DE MATEMATICA,3.7,Reprovado,2012.1,5
16272,854628086,14123100,ENGENHARIA ELETRICA,2014.1,1404139,LAB. CIRCUITOS ELETRICOS I,1,UNID. ACAD. DE ENGENHARIA ELETRICA,7,Aprovado,2012.1,5
16273,854628086,14123100,ENGENHARIA ELETRICA,2014.1,1108029,MECANICA GERAL II,4,UNID. ACAD. DE FISICA,7.3,Aprovado,2012.1,5
16274,854628086,14123100,ENGENHARIA ELETRICA,2014.1,1114107,PROBABILIDADE E ESTATISTICA,4,UNID. ACAD. DE ESTATISTICA,5,Aprovado,2012.1,5
16275,854628086,14123100,ENGENHARIA ELETRICA,2014.1,1411075,CALCULO NUMERICO,4,UNID. ACAD. DE SISTEMAS E COMPUTACAO,7,Aprovado,2012.1,5
16278,854628086,14123100,ENGENHARIA ELETRICA,2014.1,1404137,CIRCUITOS ELETRICOS I,4,UNID. ACAD. DE ENGENHARIA ELETRICA,5,Aprovado,2012.1,5
16279,379700541,14123100,ENGENHARIA ELETRICA,2014.1,1108029,MECANICA GERAL II,4,UNID. ACAD. DE FISICA,7.8,Aprovado,2012.1,5
16280,379700541,14123100,ENGENHARIA ELETRICA,2014.1,1114107,PROBABILIDADE E ESTATISTICA,4,UNID. ACAD. DE ESTATISTICA,6.3,Aprovado,2012.1,5
16282,379700541,14123100,ENGENHARIA ELETRICA,2014.1,1404143,ONDAS E LINHAS,4,UNID. ACAD. DE ENGENHARIA ELETRICA,NA,Trancado,2012.1,5
16285,379700541,14123100,ENGENHARIA ELETRICA,2014.1,1305036,INSTITUICOES DO DIREITO,3,UNID. ACAD. DE SOCIOLOGIA E ANTROPOLOGIA,9.7,Aprovado,2012.1,5
16286,379700541,14123100,ENGENHARIA ELETRICA,2014.1,1404137,CIRCUITOS ELETRICOS I,4,UNID. ACAD. DE ENGENHARIA ELETRICA,8.1,Aprovado,2012.1,5
16289,379700541,14123100,ENGENHARIA ELETRICA,2014.1,1301014,ADMINISTRACAO,4,UNID. ACAD. DE ADMINISTRACAO E CONTABILIDADE,9,Aprovado,2012.1,5
16292,142236769,14123100,ENGENHARIA ELETRICA,2014.1,1404141,ELETROMAGNETISMO,4,UNID. ACAD. DE ENGENHARIA ELETRICA,4.8,Reprovado,2012.1,5
16298,142236769,14123100,ENGENHARIA ELETRICA,2014.1,1411075,CALCULO NUMERICO,4,UNID. ACAD. DE SISTEMAS E COMPUTACAO,7,Aprovado,2012.1,5
16299,142236769,14123100,ENGENHARIA ELETRICA,2014.1,1404142,LAB. ELETROMAGNETISMO,1,UNID. ACAD. DE ENGENHARIA ELETRICA,7,Aprovado,2012.1,5
16300,142236769,14123100,ENGENHARIA ELETRICA,2014.1,1108029,MECANICA GERAL II,4,UNID. ACAD. DE FISICA,6.8,Aprovado,2012.1,5
16301,142236769,14123100,ENGENHARIA ELETRICA,2014.1,1404139,LAB. CIRCUITOS ELETRICOS I,1,UNID. ACAD. DE ENGENHARIA ELETRICA,7.6,Aprovado,2012.1,5
16302,142236769,14123100,ENGENHARIA ELETRICA,2014.1,1114107,PROBABILIDADE E ESTATISTICA,4,UNID. ACAD. DE ESTATISTICA,6.6,Aprovado,2012.1,5
16304,142236769,14123100,ENGENHARIA ELETRICA,2014.1,1404137,CIRCUITOS ELETRICOS I,4,UNID. ACAD. DE ENGENHARIA ELETRICA,2.9,Reprovado,2012.1,5
16315,429845437,14123100,ENGENHARIA ELETRICA,2014.1,1404160,ANALISE DE SINAIS E SISTEMAS,4,UNID. ACAD. DE ENGENHARIA ELETRICA,6.1,Aprovado,2012.1,5
16318,429845437,14123100,ENGENHARIA ELETRICA,2014.1,1404143,ONDAS E LINHAS,4,UNID. ACAD. DE ENGENHARIA ELETRICA,7.3,Aprovado,2012.1,5
16319,429845437,14123100,ENGENHARIA ELETRICA,2014.1,1114109,PROCESSOS ESTOCASTICOS,4,UNID. ACAD. DE ESTATISTICA,8.3,Aprovado,2012.1,5
16320,429845437,14123100,ENGENHARIA ELETRICA,2014.1,1106058,INTRODUCAO A CIENCIA DOS MATERIAIS,4,UNID. ACAD. DE ENGENHARIA DE MATERIAIS,8.8,Aprovado,2012.1,5
16322,429845437,14123100,ENGENHARIA ELETRICA,2014.1,1404147,LAB. DISPOSITIVOS ELETRONICOS,1,UNID. ACAD. DE ENGENHARIA ELETRICA,9.8,Aprovado,2012.1,5
16323,429845437,14123100,ENGENHARIA ELETRICA,2014.1,1404144,DISPOSITIVOS ELETRONICOS,4,UNID. ACAD. DE ENGENHARIA ELETRICA,7,Aprovado,2012.1,5
16324,429845437,14123100,ENGENHARIA ELETRICA,2014.1,1404138,CIRCUITOS ELETRICOS II,4,UNID. ACAD. DE ENGENHARIA ELETRICA,7.1,Aprovado,2012.1,5
16326,429845437,14123100,ENGENHARIA ELETRICA,2014.1,1404140,LAB. CIRCUITOS ELETRICOS II,1,UNID. ACAD. DE ENGENHARIA ELETRICA,7.5,Aprovado,2012.1,5
16331,192381665,14123100,ENGENHARIA ELETRICA,2014.1,1404147,LAB. DISPOSITIVOS ELETRONICOS,1,UNID. ACAD. DE ENGENHARIA ELETRICA,8.8,Aprovado,2012.1,5
16332,192381665,14123100,ENGENHARIA ELETRICA,2014.1,1404144,DISPOSITIVOS ELETRONICOS,4,UNID. ACAD. DE ENGENHARIA ELETRICA,7.8,Aprovado,2012.1,5
16334,192381665,14123100,ENGENHARIA ELETRICA,2014.1,1404140,LAB. CIRCUITOS ELETRICOS II,1,UNID. ACAD. DE ENGENHARIA ELETRICA,7.8,Aprovado,2012.1,5
16336,192381665,14123100,ENGENHARIA ELETRICA,2014.1,1106058,INTRODUCAO A CIENCIA DOS MATERIAIS,4,UNID. ACAD. DE ENGENHARIA DE MATERIAIS,10,Aprovado,2012.1,5
16338,192381665,14123100,ENGENHARIA ELETRICA,2014.1,1114109,PROCESSOS ESTOCASTICOS,4,UNID. ACAD. DE ESTATISTICA,7.7,Aprovado,2012.1,5
16340,192381665,14123100,ENGENHARIA ELETRICA,2014.1,1404160,ANALISE DE SINAIS E SISTEMAS,4,UNID. ACAD. DE ENGENHARIA ELETRICA,9,Aprovado,2012.1,5
16341,192381665,14123100,ENGENHARIA ELETRICA,2014.1,1404138,CIRCUITOS ELETRICOS II,4,UNID. ACAD. DE ENGENHARIA ELETRICA,8.5,Aprovado,2012.1,5
16342,192381665,14123100,ENGENHARIA ELETRICA,2014.1,1404143,ONDAS E LINHAS,4,UNID. ACAD. DE ENGENHARIA ELETRICA,9.6,Aprovado,2012.1,5
16346,954917892,14123100,ENGENHARIA ELETRICA,2014.1,1108084,LAB. DE OPTICA ELETRICIDADE E MAGNETISMO,4,UNID. ACAD. DE FISICA,2.3,Reprovado,2012.1,5
16347,954917892,14123100,ENGENHARIA ELETRICA,2014.1,1114107,PROBABILIDADE E ESTATISTICA,4,UNID. ACAD. DE ESTATISTICA,6.5,Aprovado,2012.1,5
16348,954917892,14123100,ENGENHARIA ELETRICA,2014.1,1109106,EQUACOES DIFERENCIAIS,4,UNID. ACAD. DE MATEMATICA,7,Aprovado,2012.1,5
16349,954917892,14123100,ENGENHARIA ELETRICA,2014.1,1109105,CALCULO DIFERENCIAL E INTEGRAL III,5,UNID. ACAD. DE MATEMATICA,5.6,Aprovado,2012.1,5
16352,954917892,14123100,ENGENHARIA ELETRICA,2014.1,1108083,ELETRICIDADE E MAGNETISMO,4,UNID. ACAD. DE FISICA,2.5,Reprovado,2012.1,5
16360,55207714,14123100,ENGENHARIA ELETRICA,2014.1,1109049,ALGEBRA LINEAR I,4,UNID. ACAD. DE MATEMATICA,1.3,Reprovado,2012.1,5
16361,55207714,14123100,ENGENHARIA ELETRICA,2014.1,1109053,CALCULO DIFERENCIAL E INTEGRAL II,4,UNID. ACAD. DE MATEMATICA,3.2,Reprovado,2012.1,5
16362,55207714,14123100,ENGENHARIA ELETRICA,2014.1,1108030,FISICA GERAL I,4,UNID. ACAD. DE FISICA,3.7,Reprovado,2012.1,5
16364,55207714,14123100,ENGENHARIA ELETRICA,2014.1,1107212,QUIMICA,5,UNID. ACAD. DE ENGENHARIA QUIMICA,2.8,Reprovado,2012.1,5
16370,55207714,14123100,ENGENHARIA ELETRICA,2014.1,1411160,INTRODUCAO A PROGRAMACAO,4,UNID. ACAD. DE SISTEMAS E COMPUTACAO,6.5,Aprovado,2012.1,5
16373,817743942,14123100,ENGENHARIA ELETRICA,2014.1,1114107,PROBABILIDADE E ESTATISTICA,4,UNID. ACAD. DE ESTATISTICA,5,Aprovado,2012.1,5
16376,817743942,14123100,ENGENHARIA ELETRICA,2014.1,1303021,ECONOMIA,4,UNID. ACAD. DE ECONOMIA E FINANCAS,6.4,Aprovado,2012.1,5
16378,817743942,14123100,ENGENHARIA ELETRICA,2014.1,1108098,MECANICA GERAL I,4,UNID. ACAD. DE FISICA,6.9,Aprovado,2012.1,5
16380,817743942,14123100,ENGENHARIA ELETRICA,2014.1,1108083,ELETRICIDADE E MAGNETISMO,4,UNID. ACAD. DE FISICA,9.5,Aprovado,2012.1,5
16381,817743942,14123100,ENGENHARIA ELETRICA,2014.1,1109108,VARIAVEIS COMPLEXAS,4,UNID. ACAD. DE MATEMATICA,3.6,Reprovado,2012.1,5
16385,580280169,14123100,ENGENHARIA ELETRICA,2014.1,1109049,ALGEBRA LINEAR I,4,UNID. ACAD. DE MATEMATICA,3.3,Reprovado,2012.1,5
16387,580280169,14123100,ENGENHARIA ELETRICA,2014.1,1404163,CIRCUITOS LOGICOS,4,UNID. ACAD. DE ENGENHARIA ELETRICA,6.1,Aprovado,2012.1,5
16390,580280169,14123100,ENGENHARIA ELETRICA,2014.1,1303021,ECONOMIA,4,UNID. ACAD. DE ECONOMIA E FINANCAS,7.9,Aprovado,2012.1,5
16394,580280169,14123100,ENGENHARIA ELETRICA,2014.1,1109053,CALCULO DIFERENCIAL E INTEGRAL II,4,UNID. ACAD. DE MATEMATICA,1.7,Reprovado,2012.1,5
16395,630425080,14123100,ENGENHARIA ELETRICA,2014.1,1305212,SOCIOLOGIA INDUSTRIAL,3,UNID. ACAD. DE SOCIOLOGIA E ANTROPOLOGIA,10,Aprovado,2012.1,5
16400,630425080,14123100,ENGENHARIA ELETRICA,2014.1,1109106,EQUACOES DIFERENCIAIS,4,UNID. ACAD. DE MATEMATICA,4.8,Reprovado,2012.1,5
16402,630425080,14123100,ENGENHARIA ELETRICA,2014.1,1114109,PROCESSOS ESTOCASTICOS,4,UNID. ACAD. DE ESTATISTICA,3.9,Reprovado,2012.1,5
16403,630425080,14123100,ENGENHARIA ELETRICA,2014.1,1303021,ECONOMIA,4,UNID. ACAD. DE ECONOMIA E FINANCAS,8.5,Aprovado,2012.1,5
16404,630425080,14123100,ENGENHARIA ELETRICA,2014.1,1108023,FISICA EXPERIMENTAL I,4,UNID. ACAD. DE FISICA,6.9,Aprovado,2012.1,5
16406,630425080,14123100,ENGENHARIA ELETRICA,2014.1,1108098,MECANICA GERAL I,4,UNID. ACAD. DE FISICA,0,Reprovado por Falta,2012.1,5
16414,155497536,14123100,ENGENHARIA ELETRICA,2014.1,1404139,LAB. CIRCUITOS ELETRICOS I,1,UNID. ACAD. DE ENGENHARIA ELETRICA,7.2,Aprovado,2012.1,5
16419,155497536,14123100,ENGENHARIA ELETRICA,2014.1,1108029,MECANICA GERAL II,4,UNID. ACAD. DE FISICA,7.7,Aprovado,2012.1,5
16420,155497536,14123100,ENGENHARIA ELETRICA,2014.1,1404142,LAB. ELETROMAGNETISMO,1,UNID. ACAD. DE ENGENHARIA ELETRICA,7.4,Aprovado,2012.1,5
16424,155497536,14123100,ENGENHARIA ELETRICA,2014.1,1109108,VARIAVEIS COMPLEXAS,4,UNID. ACAD. DE MATEMATICA,6.5,Aprovado,2012.1,5
16425,155497536,14123100,ENGENHARIA ELETRICA,2014.1,1411075,CALCULO NUMERICO,4,UNID. ACAD. DE SISTEMAS E COMPUTACAO,8,Aprovado,2012.1,5
16426,155497536,14123100,ENGENHARIA ELETRICA,2014.1,1404141,ELETROMAGNETISMO,4,UNID. ACAD. DE ENGENHARIA ELETRICA,0.5,Reprovado,2012.1,5
16427,155497536,14123100,ENGENHARIA ELETRICA,2014.1,1404137,CIRCUITOS ELETRICOS I,4,UNID. ACAD. DE ENGENHARIA ELETRICA,5.3,Aprovado,2012.1,5
16431,680569991,14123100,ENGENHARIA ELETRICA,2014.1,1404142,LAB. ELETROMAGNETISMO,1,UNID. ACAD. DE ENGENHARIA ELETRICA,7.3,Aprovado,2012.1,5
16432,680569991,14123100,ENGENHARIA ELETRICA,2014.1,1108029,MECANICA GERAL II,4,UNID. ACAD. DE FISICA,3.2,Reprovado,2012.1,5
16433,680569991,14123100,ENGENHARIA ELETRICA,2014.1,1404139,LAB. CIRCUITOS ELETRICOS I,1,UNID. ACAD. DE ENGENHARIA ELETRICA,7.3,Aprovado,2012.1,5
16435,680569991,14123100,ENGENHARIA ELETRICA,2014.1,1109108,VARIAVEIS COMPLEXAS,4,UNID. ACAD. DE MATEMATICA,3.5,Reprovado,2012.1,5
16439,680569991,14123100,ENGENHARIA ELETRICA,2014.1,1404141,ELETROMAGNETISMO,4,UNID. ACAD. DE ENGENHARIA ELETRICA,3.2,Reprovado,2012.1,5
16440,680569991,14123100,ENGENHARIA ELETRICA,2014.1,1404137,CIRCUITOS ELETRICOS I,4,UNID. ACAD. DE ENGENHARIA ELETRICA,5.1,Aprovado,2012.1,5
16441,680569991,14123100,ENGENHARIA ELETRICA,2014.1,1114109,PROCESSOS ESTOCASTICOS,4,UNID. ACAD. DE ESTATISTICA,7,Aprovado,2012.1,5
16459,543396040,14123100,ENGENHARIA ELETRICA,2014.1,1404137,CIRCUITOS ELETRICOS I,4,UNID. ACAD. DE ENGENHARIA ELETRICA,5.3,Aprovado,2012.1,5
16460,543396040,14123100,ENGENHARIA ELETRICA,2014.1,1114107,PROBABILIDADE E ESTATISTICA,4,UNID. ACAD. DE ESTATISTICA,7.7,Aprovado,2012.1,5
16462,543396040,14123100,ENGENHARIA ELETRICA,2014.1,1108029,MECANICA GERAL II,4,UNID. ACAD. DE FISICA,7.2,Aprovado,2012.1,5
16464,543396040,14123100,ENGENHARIA ELETRICA,2014.1,1404142,LAB. ELETROMAGNETISMO,1,UNID. ACAD. DE ENGENHARIA ELETRICA,7.8,Aprovado,2012.1,5
16465,543396040,14123100,ENGENHARIA ELETRICA,2014.1,1404141,ELETROMAGNETISMO,4,UNID. ACAD. DE ENGENHARIA ELETRICA,5.6,Aprovado,2012.1,5
16466,543396040,14123100,ENGENHARIA ELETRICA,2014.1,1411075,CALCULO NUMERICO,4,UNID. ACAD. DE SISTEMAS E COMPUTACAO,7.8,Aprovado,2012.1,5
16468,543396040,14123100,ENGENHARIA ELETRICA,2014.1,1404139,LAB. CIRCUITOS ELETRICOS I,1,UNID. ACAD. DE ENGENHARIA ELETRICA,7.4,Aprovado,2012.1,5
16469,543396040,14123100,ENGENHARIA ELETRICA,2014.1,1109108,VARIAVEIS COMPLEXAS,4,UNID. ACAD. DE MATEMATICA,5,Aprovado,2012.1,5
16471,831004723,14123100,ENGENHARIA ELETRICA,2014.1,1108083,ELETRICIDADE E MAGNETISMO,4,UNID. ACAD. DE FISICA,7.8,Aprovado,2012.1,5
16474,831004723,14123100,ENGENHARIA ELETRICA,2014.1,1108098,MECANICA GERAL I,4,UNID. ACAD. DE FISICA,7.1,Aprovado,2012.1,5
16475,831004723,14123100,ENGENHARIA ELETRICA,2014.1,1303021,ECONOMIA,4,UNID. ACAD. DE ECONOMIA E FINANCAS,7.5,Aprovado,2012.1,5
16476,831004723,14123100,ENGENHARIA ELETRICA,2014.1,1305212,SOCIOLOGIA INDUSTRIAL,3,UNID. ACAD. DE SOCIOLOGIA E ANTROPOLOGIA,10,Aprovado,2012.1,5
16477,831004723,14123100,ENGENHARIA ELETRICA,2014.1,1109106,EQUACOES DIFERENCIAIS,4,UNID. ACAD. DE MATEMATICA,5.9,Aprovado,2012.1,5
16478,831004723,14123100,ENGENHARIA ELETRICA,2014.1,1108084,LAB. DE OPTICA ELETRICIDADE E MAGNETISMO,4,UNID. ACAD. DE FISICA,6.3,Aprovado,2012.1,5
16481,831004723,14123100,ENGENHARIA ELETRICA,2014.1,1107212,QUIMICA,5,UNID. ACAD. DE ENGENHARIA QUIMICA,7,Aprovado,2012.1,5
16486,6292983,14123100,ENGENHARIA ELETRICA,2014.1,1404139,LAB. CIRCUITOS ELETRICOS I,1,UNID. ACAD. DE ENGENHARIA ELETRICA,7,Aprovado,2012.1,5
16487,6292983,14123100,ENGENHARIA ELETRICA,2014.1,1109108,VARIAVEIS COMPLEXAS,4,UNID. ACAD. DE MATEMATICA,5.7,Aprovado,2012.1,5
16488,6292983,14123100,ENGENHARIA ELETRICA,2014.1,1404141,ELETROMAGNETISMO,4,UNID. ACAD. DE ENGENHARIA ELETRICA,5.9,Aprovado,2012.1,5
16490,6292983,14123100,ENGENHARIA ELETRICA,2014.1,1106058,INTRODUCAO A CIENCIA DOS MATERIAIS,4,UNID. ACAD. DE ENGENHARIA DE MATERIAIS,9.7,Aprovado,2012.1,5
16492,6292983,14123100,ENGENHARIA ELETRICA,2014.1,1404142,LAB. ELETROMAGNETISMO,1,UNID. ACAD. DE ENGENHARIA ELETRICA,7.8,Aprovado,2012.1,5
16495,6292983,14123100,ENGENHARIA ELETRICA,2014.1,1404137,CIRCUITOS ELETRICOS I,4,UNID. ACAD. DE ENGENHARIA ELETRICA,3.5,Reprovado,2012.1,5
16497,6292983,14123100,ENGENHARIA ELETRICA,2014.1,1114109,PROCESSOS ESTOCASTICOS,4,UNID. ACAD. DE ESTATISTICA,5.9,Aprovado,2012.1,5
16498,56437894,14123100,ENGENHARIA ELETRICA,2014.1,1404139,LAB. CIRCUITOS ELETRICOS I,1,UNID. ACAD. DE ENGENHARIA ELETRICA,7.6,Aprovado,2012.1,5
16499,56437894,14123100,ENGENHARIA ELETRICA,2014.1,1404137,CIRCUITOS ELETRICOS I,4,UNID. ACAD. DE ENGENHARIA ELETRICA,5.5,Aprovado,2012.1,5
16500,56437894,14123100,ENGENHARIA ELETRICA,2014.1,1108029,MECANICA GERAL II,4,UNID. ACAD. DE FISICA,6.8,Aprovado,2012.1,5
16501,56437894,14123100,ENGENHARIA ELETRICA,2014.1,1404143,ONDAS E LINHAS,4,UNID. ACAD. DE ENGENHARIA ELETRICA,8.5,Aprovado,2012.1,5
16502,56437894,14123100,ENGENHARIA ELETRICA,2014.1,1114107,PROBABILIDADE E ESTATISTICA,4,UNID. ACAD. DE ESTATISTICA,5.6,Aprovado,2012.1,5
16503,56437894,14123100,ENGENHARIA ELETRICA,2014.1,1404160,ANALISE DE SINAIS E SISTEMAS,4,UNID. ACAD. DE ENGENHARIA ELETRICA,5.5,Aprovado,2012.1,5
16509,56437894,14123100,ENGENHARIA ELETRICA,2014.1,1305036,INSTITUICOES DO DIREITO,3,UNID. ACAD. DE SOCIOLOGIA E ANTROPOLOGIA,6.7,Aprovado,2012.1,5
16512,581510350,14123100,ENGENHARIA ELETRICA,2014.1,1109106,EQUACOES DIFERENCIAIS,4,UNID. ACAD. DE MATEMATICA,6.1,Aprovado,2012.1,5
16517,581510350,14123100,ENGENHARIA ELETRICA,2014.1,1108029,MECANICA GERAL II,4,UNID. ACAD. DE FISICA,5,Aprovado,2012.1,5
16520,581510350,14123100,ENGENHARIA ELETRICA,2014.1,1114107,PROBABILIDADE E ESTATISTICA,4,UNID. ACAD. DE ESTATISTICA,6.1,Aprovado,2012.1,5
16521,581510350,14123100,ENGENHARIA ELETRICA,2014.1,1404164,LAB. CIRCUITOS LOGICOS,1,UNID. ACAD. DE ENGENHARIA ELETRICA,8,Aprovado,2012.1,5
16522,581510350,14123100,ENGENHARIA ELETRICA,2014.1,1404163,CIRCUITOS LOGICOS,4,UNID. ACAD. DE ENGENHARIA ELETRICA,7,Aprovado,2012.1,5
16524,581510350,14123100,ENGENHARIA ELETRICA,2014.1,1108083,ELETRICIDADE E MAGNETISMO,4,UNID. ACAD. DE FISICA,7,Aprovado,2012.1,5
16529,869119033,14123100,ENGENHARIA ELETRICA,2014.1,1404163,CIRCUITOS LOGICOS,4,UNID. ACAD. DE ENGENHARIA ELETRICA,5.3,Aprovado,2012.1,5
16531,869119033,14123100,ENGENHARIA ELETRICA,2014.1,1109053,CALCULO DIFERENCIAL E INTEGRAL II,4,UNID. ACAD. DE MATEMATICA,5,Aprovado,2012.1,5
16535,869119033,14123100,ENGENHARIA ELETRICA,2014.1,1404164,LAB. CIRCUITOS LOGICOS,1,UNID. ACAD. DE ENGENHARIA ELETRICA,8.7,Aprovado,2012.1,5
16536,869119033,14123100,ENGENHARIA ELETRICA,2014.1,1305036,INSTITUICOES DO DIREITO,3,UNID. ACAD. DE SOCIOLOGIA E ANTROPOLOGIA,0,Reprovado por Falta,2012.1,5
16539,869119033,14123100,ENGENHARIA ELETRICA,2014.1,1108023,FISICA EXPERIMENTAL I,4,UNID. ACAD. DE FISICA,5.6,Aprovado,2012.1,5
16548,681800156,14123100,ENGENHARIA ELETRICA,2014.1,1404141,ELETROMAGNETISMO,4,UNID. ACAD. DE ENGENHARIA ELETRICA,5.3,Aprovado,2012.1,5
16549,681800156,14123100,ENGENHARIA ELETRICA,2014.1,1404164,LAB. CIRCUITOS LOGICOS,1,UNID. ACAD. DE ENGENHARIA ELETRICA,9.3,Aprovado,2012.1,5
16550,681800156,14123100,ENGENHARIA ELETRICA,2014.1,1404142,LAB. ELETROMAGNETISMO,1,UNID. ACAD. DE ENGENHARIA ELETRICA,7.1,Aprovado,2012.1,5
16552,681800156,14123100,ENGENHARIA ELETRICA,2014.1,1404163,CIRCUITOS LOGICOS,4,UNID. ACAD. DE ENGENHARIA ELETRICA,7,Aprovado,2012.1,5
16555,681800156,14123100,ENGENHARIA ELETRICA,2014.1,1109106,EQUACOES DIFERENCIAIS,4,UNID. ACAD. DE MATEMATICA,6.3,Aprovado,2012.1,5
16556,681800156,14123100,ENGENHARIA ELETRICA,2014.1,1108029,MECANICA GERAL II,4,UNID. ACAD. DE FISICA,1.7,Reprovado,2012.1,5
16560,681800156,14123100,ENGENHARIA ELETRICA,2014.1,1114107,PROBABILIDADE E ESTATISTICA,4,UNID. ACAD. DE ESTATISTICA,0,Reprovado por Falta,2012.1,5
16576,19553750,14123100,ENGENHARIA ELETRICA,2014.1,1109106,EQUACOES DIFERENCIAIS,4,UNID. ACAD. DE MATEMATICA,5.2,Aprovado,2012.1,5
16581,19553750,14123100,ENGENHARIA ELETRICA,2014.1,1108083,ELETRICIDADE E MAGNETISMO,4,UNID. ACAD. DE FISICA,8,Aprovado,2012.1,5
16582,19553750,14123100,ENGENHARIA ELETRICA,2014.1,1305036,INSTITUICOES DO DIREITO,3,UNID. ACAD. DE SOCIOLOGIA E ANTROPOLOGIA,8.6,Aprovado,2012.1,5
16583,19553750,14123100,ENGENHARIA ELETRICA,2014.1,1108029,MECANICA GERAL II,4,UNID. ACAD. DE FISICA,7.3,Aprovado,2012.1,5
16585,19553750,14123100,ENGENHARIA ELETRICA,2014.1,1305212,SOCIOLOGIA INDUSTRIAL,3,UNID. ACAD. DE SOCIOLOGIA E ANTROPOLOGIA,10,Aprovado,2012.1,5
16587,19553750,14123100,ENGENHARIA ELETRICA,2014.1,1114109,PROCESSOS ESTOCASTICOS,4,UNID. ACAD. DE ESTATISTICA,7,Aprovado,2012.1,5
16589,782089978,14123100,ENGENHARIA ELETRICA,2014.1,1108081,FISICA GERAL II,4,UNID. ACAD. DE FISICA,7.2,Aprovado,2012.1,5
16590,782089978,14123100,ENGENHARIA ELETRICA,2014.1,1109105,CALCULO DIFERENCIAL E INTEGRAL III,5,UNID. ACAD. DE MATEMATICA,3.6,Reprovado,2012.1,5
16592,782089978,14123100,ENGENHARIA ELETRICA,2014.1,1404163,CIRCUITOS LOGICOS,4,UNID. ACAD. DE ENGENHARIA ELETRICA,8.2,Aprovado,2012.1,5
16594,782089978,14123100,ENGENHARIA ELETRICA,2014.1,1108029,MECANICA GERAL II,4,UNID. ACAD. DE FISICA,7.2,Aprovado,2012.1,5
16597,782089978,14123100,ENGENHARIA ELETRICA,2014.1,1114107,PROBABILIDADE E ESTATISTICA,4,UNID. ACAD. DE ESTATISTICA,7,Aprovado,2012.1,5
16608,594771116,14123100,ENGENHARIA ELETRICA,2014.1,1109106,EQUACOES DIFERENCIAIS,4,UNID. ACAD. DE MATEMATICA,4.6,Reprovado,2012.1,5
16609,594771116,14123100,ENGENHARIA ELETRICA,2014.1,1404163,CIRCUITOS LOGICOS,4,UNID. ACAD. DE ENGENHARIA ELETRICA,0,Reprovado por Falta,2012.1,5
16611,594771116,14123100,ENGENHARIA ELETRICA,2014.1,1108098,MECANICA GERAL I,4,UNID. ACAD. DE FISICA,0,Reprovado por Falta,2012.1,5
16613,594771116,14123100,ENGENHARIA ELETRICA,2014.1,1114107,PROBABILIDADE E ESTATISTICA,4,UNID. ACAD. DE ESTATISTICA,0,Reprovado por Falta,2012.1,5
16614,594771116,14123100,ENGENHARIA ELETRICA,2014.1,1108023,FISICA EXPERIMENTAL I,4,UNID. ACAD. DE FISICA,6.4,Aprovado,2012.1,5
16620,594771116,14123100,ENGENHARIA ELETRICA,2014.1,1404164,LAB. CIRCUITOS LOGICOS,1,UNID. ACAD. DE ENGENHARIA ELETRICA,0,Reprovado por Falta,2012.1,5
16621,882379800,14123100,ENGENHARIA ELETRICA,2014.1,1404137,CIRCUITOS ELETRICOS I,4,UNID. ACAD. DE ENGENHARIA ELETRICA,4.1,Reprovado,2012.1,5
16623,882379800,14123100,ENGENHARIA ELETRICA,2014.1,1404142,LAB. ELETROMAGNETISMO,1,UNID. ACAD. DE ENGENHARIA ELETRICA,7.2,Aprovado,2012.1,5
16624,882379800,14123100,ENGENHARIA ELETRICA,2014.1,1404139,LAB. CIRCUITOS ELETRICOS I,1,UNID. ACAD. DE ENGENHARIA ELETRICA,8.4,Aprovado,2012.1,5
16625,882379800,14123100,ENGENHARIA ELETRICA,2014.1,1109108,VARIAVEIS COMPLEXAS,4,UNID. ACAD. DE MATEMATICA,3.8,Reprovado,2012.1,5
16626,882379800,14123100,ENGENHARIA ELETRICA,2014.1,1108029,MECANICA GERAL II,4,UNID. ACAD. DE FISICA,6.7,Aprovado,2012.1,5
16629,882379800,14123100,ENGENHARIA ELETRICA,2014.1,1114107,PROBABILIDADE E ESTATISTICA,4,UNID. ACAD. DE ESTATISTICA,0,Reprovado por Falta,2012.1,5
16633,882379800,14123100,ENGENHARIA ELETRICA,2014.1,1404141,ELETROMAGNETISMO,4,UNID. ACAD. DE ENGENHARIA ELETRICA,4.1,Reprovado,2012.1,5
16670,215567186,14123100,ENGENHARIA ELETRICA,2014.1,1404163,CIRCUITOS LOGICOS,4,UNID. ACAD. DE ENGENHARIA ELETRICA,7.3,Aprovado,2012.1,5
16672,215567186,14123100,ENGENHARIA ELETRICA,2014.1,1114107,PROBABILIDADE E ESTATISTICA,4,UNID. ACAD. DE ESTATISTICA,0,Reprovado por Falta,2012.1,5
16673,215567186,14123100,ENGENHARIA ELETRICA,2014.1,1109049,ALGEBRA LINEAR I,4,UNID. ACAD. DE MATEMATICA,3.6,Reprovado,2012.1,5
16675,215567186,14123100,ENGENHARIA ELETRICA,2014.1,1108084,LAB. DE OPTICA ELETRICIDADE E MAGNETISMO,4,UNID. ACAD. DE FISICA,7.2,Aprovado,2012.1,5
16681,215567186,14123100,ENGENHARIA ELETRICA,2014.1,1108083,ELETRICIDADE E MAGNETISMO,4,UNID. ACAD. DE FISICA,1.1,Reprovado,2012.1,5
16682,740639641,14123100,ENGENHARIA ELETRICA,2014.1,1109105,CALCULO DIFERENCIAL E INTEGRAL III,5,UNID. ACAD. DE MATEMATICA,1.1,Reprovado,2012.1,5
16683,740639641,14123100,ENGENHARIA ELETRICA,2014.1,1305036,INSTITUICOES DO DIREITO,3,UNID. ACAD. DE SOCIOLOGIA E ANTROPOLOGIA,7,Aprovado,2012.1,5
16685,740639641,14123100,ENGENHARIA ELETRICA,2014.1,1108084,LAB. DE OPTICA ELETRICIDADE E MAGNETISMO,4,UNID. ACAD. DE FISICA,2.5,Reprovado,2012.1,5
16690,740639641,14123100,ENGENHARIA ELETRICA,2014.1,1108083,ELETRICIDADE E MAGNETISMO,4,UNID. ACAD. DE FISICA,0,Reprovado por Falta,2012.1,5
16691,740639641,14123100,ENGENHARIA ELETRICA,2014.1,1109106,EQUACOES DIFERENCIAIS,4,UNID. ACAD. DE MATEMATICA,2.6,Reprovado,2012.1,5
16695,265712097,14123100,ENGENHARIA ELETRICA,2014.1,1109053,CALCULO DIFERENCIAL E INTEGRAL II,4,UNID. ACAD. DE MATEMATICA,6,Aprovado,2012.1,5
16698,265712097,14123100,ENGENHARIA ELETRICA,2014.1,1411161,TECNICAS DE PROGRAMACAO,4,UNID. ACAD. DE SISTEMAS E COMPUTACAO,0,Reprovado por Falta,2012.1,5
16700,265712097,14123100,ENGENHARIA ELETRICA,2014.1,1404163,CIRCUITOS LOGICOS,4,UNID. ACAD. DE ENGENHARIA ELETRICA,0.7,Reprovado,2012.1,5
16701,265712097,14123100,ENGENHARIA ELETRICA,2014.1,1108023,FISICA EXPERIMENTAL I,4,UNID. ACAD. DE FISICA,7,Aprovado,2012.1,5
16702,265712097,14123100,ENGENHARIA ELETRICA,2014.1,1404164,LAB. CIRCUITOS LOGICOS,1,UNID. ACAD. DE ENGENHARIA ELETRICA,0,Reprovado por Falta,2012.1,5
16704,265712097,14123100,ENGENHARIA ELETRICA,2014.1,1109049,ALGEBRA LINEAR I,4,UNID. ACAD. DE MATEMATICA,7,Aprovado,2012.1,5
16709,696291103,14123100,ENGENHARIA ELETRICA,2014.1,1109053,CALCULO DIFERENCIAL E INTEGRAL II,4,UNID. ACAD. DE MATEMATICA,3.5,Reprovado,2012.1,5
16712,696291103,14123100,ENGENHARIA ELETRICA,2014.1,1404163,CIRCUITOS LOGICOS,4,UNID. ACAD. DE ENGENHARIA ELETRICA,0.9,Reprovado,2012.1,5
16713,696291103,14123100,ENGENHARIA ELETRICA,2014.1,1307011,INGLES,5,UNID. ACAD. DE LETRAS,NA,Trancado,2012.1,5
16714,696291103,14123100,ENGENHARIA ELETRICA,2014.1,1404164,LAB. CIRCUITOS LOGICOS,1,UNID. ACAD. DE ENGENHARIA ELETRICA,0,Reprovado por Falta,2012.1,5
16716,696291103,14123100,ENGENHARIA ELETRICA,2014.1,1108023,FISICA EXPERIMENTAL I,4,UNID. ACAD. DE FISICA,0,Reprovado por Falta,2012.1,5
16717,696291103,14123100,ENGENHARIA ELETRICA,2014.1,1108081,FISICA GERAL II,4,UNID. ACAD. DE FISICA,1.5,Reprovado,2012.1,5
16720,271508470,14123100,ENGENHARIA ELETRICA,2014.1,1109106,EQUACOES DIFERENCIAIS,4,UNID. ACAD. DE MATEMATICA,3.8,Reprovado,2012.1,5
16721,271508470,14123100,ENGENHARIA ELETRICA,2014.1,1108084,LAB. DE OPTICA ELETRICIDADE E MAGNETISMO,4,UNID. ACAD. DE FISICA,3.9,Reprovado,2012.1,5
16724,271508470,14123100,ENGENHARIA ELETRICA,2014.1,1108098,MECANICA GERAL I,4,UNID. ACAD. DE FISICA,0,Reprovado por Falta,2012.1,5
16726,271508470,14123100,ENGENHARIA ELETRICA,2014.1,1303021,ECONOMIA,4,UNID. ACAD. DE ECONOMIA E FINANCAS,0,Reprovado por Falta,2012.1,5
16728,271508470,14123100,ENGENHARIA ELETRICA,2014.1,1108083,ELETRICIDADE E MAGNETISMO,4,UNID. ACAD. DE FISICA,3.3,Reprovado,2012.1,5
16730,271508470,14123100,ENGENHARIA ELETRICA,2014.1,1109105,CALCULO DIFERENCIAL E INTEGRAL III,5,UNID. ACAD. DE MATEMATICA,2.3,Reprovado,2012.1,5
